ano_cmpt,mes_cmpt,n_icsap,n_total,capital,data,mes_num,taxa_pct,log_taxa,interv,tempo_pos,sin12,cos12
2022,1,1717,10074,Belo Horizonte,2022-01-01,1,17.043875322612667,2.835790920579971,0,0,0.49999999999999994,0.8660254037844387
2022,2,1747,10628,Belo Horizonte,2022-02-01,2,16.437711704930372,2.799578189242444,0,0,0.8660254037844386,0.5000000000000001
2022,3,1820,11497,Belo Horizonte,2022-03-01,3,15.830216578237803,2.7619205553051924,0,0,1,6.123031769111886e-17
2022,4,1789,10933,Belo Horizonte,2022-04-01,4,16.36330375926095,2.7950412520623256,0,0,0.8660254037844387,-0.4999999999999998
2022,5,2033,12543,Belo Horizonte,2022-05-01,5,16.20824364187196,2.785519979591763,0,0,0.49999999999999994,-0.8660254037844387
2022,6,1990,11914,Belo Horizonte,2022-06-01,6,16.70303844216888,2.8155906455179966,0,0,1.2246063538223773e-16,-1
2022,7,1858,11568,Belo Horizonte,2022-07-01,7,16.06154910096819,2.7764281609633295,0,0,-0.4999999999999997,-0.8660254037844388
2022,8,2267,13765,Belo Horizonte,2022-08-01,8,16.46930621140574,2.801498418918913,0,0,-0.8660254037844384,-0.5000000000000004
2022,9,1905,11940,Belo Horizonte,2022-09-01,9,15.954773869346733,2.7697580866022995,0,0,-1,-1.836909530733566e-16
2022,10,1809,11451,Belo Horizonte,2022-10-01,10,15.797746921666231,2.759867329970047,0,0,-0.8660254037844386,0.5000000000000001
2022,11,1886,11488,Belo Horizonte,2022-11-01,11,16.417130919220053,2.798325357893489,0,0,-0.5000000000000004,0.8660254037844384
2022,12,2005,12051,Belo Horizonte,2022-12-01,12,16.63762343373994,2.811666602701369,0,0,-2.4492127076447545e-16,1
2023,1,2046,11774,Belo Horizonte,2023-01-01,13,17.377271955155425,2.8551631429114566,0,0,0.5,0.8660254037844386
2023,2,1824,10512,Belo Horizonte,2023-02-01,14,17.35159817351598,2.8536846158979765,0,0,0.8660254037844384,0.5000000000000006
2023,3,2022,12269,Belo Horizonte,2023-03-01,15,16.48056076289836,2.802181550777325,0,0,1,1.1943300081557195e-15
2023,4,1937,11141,Belo Horizonte,2023-04-01,16,17.386231038506416,2.8556785733357706,0,0,0.8660254037844392,-0.4999999999999992
2023,5,2201,12277,Belo Horizonte,2023-05-01,17,17.927832532377614,2.886354395333713,0,0,0.4999999999999998,-0.8660254037844388
2023,6,2214,12239,Belo Horizonte,2023-06-01,18,18.089713211863714,2.8953434458743352,0,0,3.673819061467132e-16,-1
2023,7,2210,11976,Belo Horizonte,2023-07-01,19,18.453573814295257,2.9152580544004256,0,0,-0.49999999999999917,-0.8660254037844392
2023,8,2023,12284,Belo Horizonte,2023-08-01,20,16.468577010745687,2.8014541415951237,0,0,-0.8660254037844387,-0.49999999999999983
2023,9,2065,12476,Belo Horizonte,2023-09-01,21,16.551779416479643,2.806493613655531,0,0,-1,-4.2861222383783204e-16
2023,10,1945,11563,Belo Horizonte,2023-10-01,22,16.820894231600796,2.8226218179116764,0,0,-0.8660254037844392,0.4999999999999991
2023,11,2089,12133,Belo Horizonte,2023-11-01,23,17.217505975438886,2.845926655492784,0,0,-0.5000000000000014,0.8660254037844378
2023,12,1973,11795,Belo Horizonte,2023-12-01,24,16.72742687579483,2.817049700168931,0,0,-4.898425415289509e-16,1
2024,1,2474,13546,Belo Horizonte,2024-01-01,25,18.263694079433044,2.9049151591656757,0,0,0.5000000000000006,0.8660254037844383
2024,2,2439,11639,Belo Horizonte,2024-02-01,26,20.9554085402526,3.0423967772620353,0,0,0.8660254037844387,0.49999999999999994
2024,3,3128,13138,Belo Horizonte,2024-03-01,27,23.808798903942762,3.170055214200875,0,0,1,5.510728592200698e-16
2024,4,3615,15012,Belo Horizonte,2024-04-01,28,24.080735411670666,3.1814121603260452,0,0,0.8660254037844393,-0.499999999999999
2024,5,2933,13351,Belo Horizonte,2024-05-01,29,21.968391880757995,3.0896046875754473,1,1,0.5,-0.8660254037844386
2024,6,2581,12687,Belo Horizonte,2024-06-01,30,20.343658863403483,3.012769259566107,1,2,2.388660016311439e-15,-1
2024,7,2584,13701,Belo Horizonte,2024-07-01,31,18.85993723085906,2.9370399490374752,1,3,-0.49999999999999895,-0.8660254037844393
2024,8,2445,13694,Belo Horizonte,2024-08-01,32,17.854534832773478,2.8822575282160554,1,4,-0.8660254037844377,-0.5000000000000016
2024,9,2536,12911,Belo Horizonte,2024-09-01,33,19.642165595228875,2.9776785613704893,1,5,-1,1.102823344797943e-15
2024,10,2330,13114,Belo Horizonte,2024-10-01,34,17.76727161811804,2.8773580917242727,1,6,-0.8660254037844384,0.5000000000000004
2024,11,2208,12487,Belo Horizonte,2024-11-01,35,17.682389685272685,2.872569211269932,1,7,-0.5000000000000001,0.8660254037844386
2024,12,2137,12394,Belo Horizonte,2024-12-01,36,17.24221397450379,2.8473606777851863,1,8,-7.347638122934264e-16,1
2025,1,2467,13195,Belo Horizonte,2025-01-01,37,18.696475937855247,2.9283350535800237,1,9,0.49999999999999883,0.8660254037844394
2025,2,2229,12014,Belo Horizonte,2025-02-01,38,18.553354419843515,2.9206506039638533,1,10,0.8660254037844377,0.5000000000000017
2025,3,2297,12601,Belo Horizonte,2025-03-01,39,18.22871200698357,2.9029979338074963,1,11,1,2.5723509693847957e-15
2025,4,2295,12664,Belo Horizonte,2025-04-01,40,18.12223626026532,2.897139706921889,1,12,0.8660254037844385,-0.5000000000000003
2025,5,2589,13615,Belo Horizonte,2025-05-01,41,19.01579140653691,2.9452697606317693,1,13,0.5000000000000033,-0.8660254037844367
2025,6,2426,13411,Belo Horizonte,2025-06-01,42,18.089627917381254,2.8953387307811465,1,14,8.572244476756641e-16,-1
2025,7,2586,14043,Belo Horizonte,2025-07-01,43,18.41486861781671,2.913158415351714,1,15,-0.4999999999999987,-0.8660254037844394
2025,8,2533,13610,Belo Horizonte,2025-08-01,44,18.61131520940485,2.923769740344255,1,16,-0.8660254037844376,-0.5000000000000018
2025,9,2445,13553,Belo Horizonte,2025-09-01,45,18.040286283479674,2.8926073838810478,1,17,-1,8.579020740334675e-16
2025,10,2409,14750,Belo Horizonte,2025-10-01,46,16.332203389830507,2.793138826834997,1,18,-0.8660254037844403,0.4999999999999971
2025,11,2070,12541,Belo Horizonte,2025-11-01,47,16.50586077665258,2.8037155164234564,1,19,-0.5000000000000003,0.8660254037844385
2025,12,2074,11996,Belo Horizonte,2025-12-01,48,17.28909636545515,2.8500760349086645,1,20,-9.796850830579018e-16,1
2026,1,2257,13591,Belo Horizonte,2026-01-01,49,16.60657788242219,2.8097988748502796,1,21,0.4999999999999986,0.8660254037844395
2026,2,2084,13343,Belo Horizonte,2026-02-01,50,15.618676459566814,2.748467407118928,1,22,0.8660254037844394,0.49999999999999883
2026,3,2149,13206,Belo Horizonte,2026-03-01,51,16.272906254732696,2.789501531876085,1,23,1,2.817272240149271e-15
2022,1,983,5052,Belém,2022-01-01,1,19.457640538400632,2.9682398226648763,0,0,0.49999999999999994,0.8660254037844387
2022,2,862,5238,Belém,2022-02-01,2,16.456662848415426,2.8007304315841273,0,0,0.8660254037844386,0.5000000000000001
2022,3,976,5402,Belém,2022-03-01,3,18.067382450944095,2.894108238048623,0,0,1,6.123031769111886e-17
2022,4,1100,5687,Belém,2022-04-01,4,19.342359767891683,2.9622974974677536,0,0,0.8660254037844387,-0.4999999999999998
2022,5,1058,5540,Belém,2022-05-01,5,19.097472924187723,2.9495560186650063,0,0,0.49999999999999994,-0.8660254037844387
2022,6,1016,5482,Belém,2022-06-01,6,18.533381977380518,2.9195735372637874,0,0,1.2246063538223773e-16,-1
2022,7,888,5485,Belém,2022-07-01,7,16.18960802187785,2.784369556270931,0,0,-0.4999999999999997,-0.8660254037844388
2022,8,972,5587,Belém,2022-08-01,8,17.39752998031144,2.8563282409893818,0,0,-0.8660254037844384,-0.5000000000000004
2022,9,985,5252,Belém,2022-09-01,9,18.754760091393756,2.9314475917374936,0,0,-1,-1.836909530733566e-16
2022,10,945,5280,Belém,2022-10-01,10,17.897727272727273,2.884673736781527,0,0,-0.8660254037844386,0.5000000000000001
2022,11,866,5116,Belém,2022-11-01,11,16.927286942924162,2.8289269318517936,0,0,-0.5000000000000004,0.8660254037844384
2022,12,800,5150,Belém,2022-12-01,12,15.53398058252427,2.7430299199982366,0,0,-2.4492127076447545e-16,1
2023,1,801,5518,Belém,2023-01-01,13,14.516129032258066,2.6752603782792193,0,0,0.5,0.8660254037844386
2023,2,819,5307,Belém,2023-02-01,14,15.432447710570942,2.7364722870132656,0,0,0.8660254037844384,0.5000000000000006
2023,3,1030,5632,Belém,2023-03-01,15,18.288352272727273,2.9062643693738943,0,0,1,1.1943300081557195e-15
2023,4,1118,5715,Belém,2023-04-01,16,19.562554680664917,2.9736172634742246,0,0,0.8660254037844392,-0.4999999999999992
2023,5,1086,5243,Belém,2023-05-01,17,20.71333206179668,3.0307775539094393,0,0,0.4999999999999998,-0.8660254037844388
2023,6,946,5204,Belém,2023-06-01,18,18.178324365872406,2.9002299154075737,0,0,3.673819061467132e-16,-1
2023,7,943,6624,Belém,2023-07-01,19,14.23611111111111,2.655781772556453,0,0,-0.49999999999999917,-0.8660254037844392
2023,8,959,5908,Belém,2023-08-01,20,16.23222748815166,2.7869986172202594,0,0,-0.8660254037844387,-0.49999999999999983
2023,9,1000,5976,Belém,2023-09-01,21,16.733601070950467,2.817418738157575,0,0,-1,-4.2861222383783204e-16
2023,10,994,5862,Belém,2023-10-01,22,16.95667007847151,2.8306612713738275,0,0,-0.8660254037844392,0.4999999999999991
2023,11,1159,6176,Belém,2023-11-01,23,18.76619170984456,2.932056937623231,0,0,-0.5000000000000014,0.8660254037844378
2023,12,1121,6077,Belém,2023-12-01,24,18.446601941747574,2.914880176924896,0,0,-4.898425415289509e-16,1
2024,1,1145,5870,Belém,2024-01-01,25,19.50596252129472,2.970720189154289,0,0,0.5000000000000006,0.8660254037844383
2024,2,1232,6199,Belém,2024-02-01,26,19.874173253750605,2.989421062379637,0,0,0.8660254037844387,0.49999999999999994
2024,3,1339,6592,Belém,2024-03-01,27,20.3125,3.011236460089956,0,0,1,5.510728592200698e-16
2024,4,1326,6673,Belém,2024-04-01,28,19.871122433687997,2.9892675438302927,0,0,0.8660254037844393,-0.499999999999999
2024,5,1464,6733,Belém,2024-05-01,29,21.743650675776028,3.0793217919640674,1,1,0.5,-0.8660254037844386
2024,6,1270,6485,Belém,2024-06-01,30,19.58365458750964,2.974695268690184,1,2,2.388660016311439e-15,-1
2024,7,1185,6616,Belém,2024-07-01,31,17.911124546553808,2.8854220028537956,1,3,-0.49999999999999895,-0.8660254037844393
2024,8,1129,6629,Belém,2024-08-01,32,17.03122642932569,2.835048507896362,1,4,-0.8660254037844377,-0.5000000000000016
2024,9,1052,6434,Belém,2024-09-01,33,16.350637239664284,2.794266871486775,1,5,-1,1.102823344797943e-15
2024,10,1121,6833,Belém,2024-10-01,34,16.405678325771987,2.797627514279473,1,6,-0.8660254037844384,0.5000000000000004
2024,11,1201,6922,Belém,2024-11-01,35,17.350476740826352,2.8536199838727856,1,7,-0.5000000000000001,0.8660254037844386
2024,12,1044,6272,Belém,2024-12-01,36,16.64540816326531,2.8121343924004316,1,8,-7.347638122934264e-16,1
2025,1,1070,5949,Belém,2025-01-01,37,17.986216170785006,2.8896056962561376,1,9,0.49999999999999883,0.8660254037844394
2025,2,1098,6045,Belém,2025-02-01,38,18.16377171215881,2.899429045008674,1,10,0.8660254037844377,0.5000000000000017
2025,3,1175,6605,Belém,2025-03-01,39,17.789553368660105,2.878611395609925,1,11,1,2.5723509693847957e-15
2025,4,1120,6219,Belém,2025-04-01,40,18.009326258240872,2.890889749173342,1,12,0.8660254037844385,-0.5000000000000003
2025,5,1320,6917,Belém,2025-05-01,41,19.083417666618477,2.9488197729679233,1,13,0.5000000000000033,-0.8660254037844367
2025,6,1313,7153,Belém,2025-06-01,42,18.355934572906474,2.9099529321825037,1,14,8.572244476756641e-16,-1
2025,7,1176,6875,Belém,2025-07-01,43,17.105454545454545,2.8393973919118918,1,15,-0.4999999999999987,-0.8660254037844394
2025,8,1167,6962,Belém,2025-08-01,44,16.762424590634875,2.8191397499032633,1,16,-0.8660254037844376,-0.5000000000000018
2025,9,1070,6624,Belém,2025-09-01,45,16.153381642512077,2.7821294173789477,1,17,-1,8.579020740334675e-16
2025,10,1180,7379,Belém,2025-10-01,46,15.991326738040385,2.7720464963894353,1,18,-0.8660254037844403,0.4999999999999971
2025,11,1088,6828,Belém,2025-11-01,47,15.934387814879905,2.768479529489648,1,19,-0.5000000000000003,0.8660254037844385
2025,12,1131,7008,Belém,2025-12-01,48,16.138698630136986,2.7812200294879843,1,20,-9.796850830579018e-16,1
2026,1,1118,6391,Belém,2026-01-01,49,17.493350023470505,2.861820810052854,1,21,0.4999999999999986,0.8660254037844395
2026,2,1060,6198,Belém,2026-02-01,50,17.102291061632783,2.8392124347465106,1,22,0.8660254037844394,0.49999999999999883
2026,3,330,3186,Belém,2026-03-01,51,10.357815442561206,2.3377413499786237,1,23,1,2.817272240149271e-15
2022,1,1296,8827,Curitiba,2022-01-01,1,14.682224991503343,2.6866375778800786,0,0,0.49999999999999994,0.8660254037844387
2022,2,1107,8970,Curitiba,2022-02-01,2,12.34113712374582,2.5129381636438866,0,0,0.8660254037844386,0.5000000000000001
2022,3,1304,9401,Curitiba,2022-03-01,3,13.87086480161685,2.6297905828961388,0,0,1,6.123031769111886e-17
2022,4,1251,9443,Curitiba,2022-04-01,4,13.2479085036535,2.5838396911919332,0,0,0.8660254037844387,-0.4999999999999998
2022,5,1394,9357,Curitiba,2022-05-01,5,14.897937373089665,2.7012227720326476,0,0,0.49999999999999994,-0.8660254037844387
2022,6,1295,9152,Curitiba,2022-06-01,6,14.149912587412588,2.6497084465021503,0,0,1.2246063538223773e-16,-1
2022,7,1725,10032,Curitiba,2022-07-01,7,17.194976076555022,2.8446172525808495,0,0,-0.4999999999999997,-0.8660254037844388
2022,8,1630,10135,Curitiba,2022-08-01,8,16.082881105081402,2.777755420902799,0,0,-0.8660254037844384,-0.5000000000000004
2022,9,1676,9979,Curitiba,2022-09-01,9,16.795270067140997,2.821097303145807,0,0,-1,-1.836909530733566e-16
2022,10,1627,10188,Curitiba,2022-10-01,10,15.969768354927366,2.7706974571077816,0,0,-0.8660254037844386,0.5000000000000001
2022,11,1512,9817,Curitiba,2022-11-01,11,15.401853926861566,2.734487887035048,0,0,-0.5000000000000004,0.8660254037844384
2022,12,1573,9791,Curitiba,2022-12-01,12,16.065774691042794,2.7766912136922977,0,0,-2.4492127076447545e-16,1
2023,1,1345,9674,Curitiba,2023-01-01,13,13.903245813520778,2.6321223246411023,0,0,0.5,0.8660254037844386
2023,2,1469,9900,Curitiba,2023-02-01,14,14.83838383838384,2.6972173260392873,0,0,0.8660254037844384,0.5000000000000006
2023,3,1626,10455,Curitiba,2023-03-01,15,15.552367288378765,2.744212864233113,0,0,1,1.1943300081557195e-15
2023,4,1498,9940,Curitiba,2023-04-01,16,15.070422535211266,2.7127340504146362,0,0,0.8660254037844392,-0.4999999999999992
2023,5,1553,10279,Curitiba,2023-05-01,17,15.108473586924799,2.7152557511238564,0,0,0.4999999999999998,-0.8660254037844388
2023,6,1599,10113,Curitiba,2023-06-01,18,15.811331948976564,2.760726894919875,0,0,3.673819061467132e-16,-1
2023,7,1493,10402,Curitiba,2023-07-01,19,14.353009036723707,2.663959609194264,0,0,-0.49999999999999917,-0.8660254037844392
2023,8,1507,10436,Curitiba,2023-08-01,20,14.440398620160982,2.6700297383579676,0,0,-0.8660254037844387,-0.49999999999999983
2023,9,1488,10508,Curitiba,2023-09-01,21,14.160639512752187,2.6504662505756977,0,0,-1,-4.2861222383783204e-16
2023,10,1454,10068,Curitiba,2023-10-01,22,14.441795788637265,2.6701264878263493,0,0,-0.8660254037844392,0.4999999999999991
2023,11,1495,10068,Curitiba,2023-11-01,23,14.849026618990862,2.6979343155576716,0,0,-0.5000000000000014,0.8660254037844378
2023,12,1431,9736,Curitiba,2023-12-01,24,14.698027937551355,2.687713330877179,0,0,-4.898425415289509e-16,1
2024,1,1526,9988,Curitiba,2024-01-01,25,15.27833400080096,2.7264357464328297,0,0,0.5000000000000006,0.8660254037844383
2024,2,1371,9984,Curitiba,2024-02-01,26,13.731971153846153,2.619726774941197,0,0,0.8660254037844387,0.49999999999999994
2024,3,1635,10183,Curitiba,2024-03-01,27,16.05617205145831,2.7760933271477795,0,0,1,5.510728592200698e-16
2024,4,1656,9915,Curitiba,2024-04-01,28,16.70196671709531,2.8155264799794,0,0,0.8660254037844393,-0.499999999999999
2024,5,1745,10438,Curitiba,2024-05-01,29,16.717762023376125,2.8164717484212605,1,1,0.5,-0.8660254037844386
2024,6,1872,10655,Curitiba,2024-06-01,30,17.569216330361332,2.866148298492911,1,2,2.388660016311439e-15,-1
2024,7,1830,10905,Curitiba,2024-07-01,31,16.781292984869324,2.8202647531878284,1,3,-0.49999999999999895,-0.8660254037844393
2024,8,1750,10874,Curitiba,2024-08-01,32,16.09343387897738,2.7784113551997853,1,4,-0.8660254037844377,-0.5000000000000016
2024,9,1829,10665,Curitiba,2024-09-01,33,17.14955461790905,2.841972203473506,1,5,-1,1.102823344797943e-15
2024,10,1850,11034,Curitiba,2024-10-01,34,16.766358528185606,2.8193744102280855,1,6,-0.8660254037844384,0.5000000000000004
2024,11,1740,10351,Curitiba,2024-11-01,35,16.809970051202782,2.821972165812916,1,7,-0.5000000000000001,0.8660254037844386
2024,12,1595,10189,Curitiba,2024-12-01,36,15.654136814211405,2.750735215232751,1,8,-7.347638122934264e-16,1
2025,1,1774,10446,Curitiba,2025-01-01,37,16.982577062990618,2.832187939861372,1,9,0.49999999999999883,0.8660254037844394
2025,2,1508,10418,Curitiba,2025-02-01,38,14.474947206757536,2.672419376250856,1,10,0.8660254037844377,0.5000000000000017
2025,3,1712,10599,Curitiba,2025-03-01,39,16.1524672138881,2.7820728066625238,1,11,1,2.5723509693847957e-15
2025,4,1713,10968,Curitiba,2025-04-01,40,15.61816192560175,2.748434463070061,1,12,0.8660254037844385,-0.5000000000000003
2025,5,1858,11084,Curitiba,2025-05-01,41,16.76290147961025,2.819168199379006,1,13,0.5000000000000033,-0.8660254037844367
2025,6,1702,10906,Curitiba,2025-06-01,42,15.606088391710985,2.747661119635404,1,14,8.572244476756641e-16,-1
2025,7,1841,11074,Curitiba,2025-07-01,43,16.624525916561314,2.810879069838257,1,15,-0.4999999999999987,-0.8660254037844394
2025,8,1842,11096,Curitiba,2025-08-01,44,16.60057678442682,2.809437440808676,1,16,-0.8660254037844376,-0.5000000000000018
2025,9,1707,10962,Curitiba,2025-09-01,45,15.571975916803504,2.7454728831764705,1,17,-1,8.579020740334675e-16
2025,10,1661,11411,Curitiba,2025-10-01,46,14.556130049951802,2.678012214166707,1,18,-0.8660254037844403,0.4999999999999971
2025,11,1644,10690,Curitiba,2025-11-01,47,15.37885874649205,2.7329937575851257,1,19,-0.5000000000000003,0.8660254037844385
2025,12,1614,10829,Curitiba,2025-12-01,48,14.904423307784654,2.701658035189606,1,20,-9.796850830579018e-16,1
2026,1,1508,11066,Curitiba,2026-01-01,49,13.62732694740647,2.6120771110979377,1,21,0.4999999999999986,0.8660254037844395
2026,2,1653,11010,Curitiba,2026-02-01,50,15.013623978201634,2.7089580540923897,1,22,0.8660254037844394,0.49999999999999883
2026,3,1624,11476,Curitiba,2026-03-01,51,14.151272220285813,2.6498045296084594,1,23,1,2.817272240149271e-15
2022,1,2566,16170,Distrito Federal,2022-01-01,1,15.868893011750155,2.7643607785925206,0,0,0.49999999999999994,0.8660254037844387
2022,2,1807,13645,Distrito Federal,2022-02-01,2,13.24294613411506,2.583465043437881,0,0,0.8660254037844386,0.5000000000000001
2022,3,2673,15451,Distrito Federal,2022-03-01,3,17.299851142320886,2.8506978969765924,0,0,1,6.123031769111886e-17
2022,4,2776,15053,Distrito Federal,2022-04-01,4,18.441506676410018,2.9146039217542827,0,0,0.8660254037844387,-0.4999999999999998
2022,5,2763,15087,Distrito Federal,2022-05-01,5,18.31378007556174,2.9076537860714335,0,0,0.49999999999999994,-0.8660254037844387
2022,6,2731,14255,Distrito Federal,2022-06-01,6,19.158190108733777,2.952730306115024,0,0,1.2246063538223773e-16,-1
2022,7,2530,14445,Distrito Federal,2022-07-01,7,17.5147109726549,2.8630411548093218,0,0,-0.4999999999999997,-0.8660254037844388
2022,8,2531,16477,Distrito Federal,2022-08-01,8,15.360805971960914,2.731819198475784,0,0,-0.8660254037844384,-0.5000000000000004
2022,9,2338,14809,Distrito Federal,2022-09-01,9,15.787696670943346,2.7592309449826016,0,0,-1,-1.836909530733566e-16
2022,10,2278,15876,Distrito Federal,2022-10-01,10,14.348702443940539,2.6636595160922627,0,0,-0.8660254037844386,0.5000000000000001
2022,11,2291,15982,Distrito Federal,2022-11-01,11,14.33487673632837,2.6626955005071786,0,0,-0.5000000000000004,0.8660254037844384
2022,12,1981,13383,Distrito Federal,2022-12-01,12,14.80236120451319,2.694786708890268,0,0,-2.4492127076447545e-16,1
2023,1,2078,14215,Distrito Federal,2023-01-01,13,14.618360886387618,2.682278333562164,0,0,0.5,0.8660254037844386
2023,2,2297,13688,Distrito Federal,2023-02-01,14,16.781122150789013,2.8202545731051605,0,0,0.8660254037844384,0.5000000000000006
2023,3,2926,16902,Distrito Federal,2023-03-01,15,17.311560762039996,2.8513745304637332,0,0,1,1.1943300081557195e-15
2023,4,2664,14513,Distrito Federal,2023-04-01,16,18.355956728450355,2.909954139178008,0,0,0.8660254037844392,-0.4999999999999992
2023,5,2848,15718,Distrito Federal,2023-05-01,17,18.119353607329177,2.8969806270938374,0,0,0.4999999999999998,-0.8660254037844388
2023,6,2680,15507,Distrito Federal,2023-06-01,18,17.2825175727091,2.8496954456288446,0,0,3.673819061467132e-16,-1
2023,7,2254,14560,Distrito Federal,2023-07-01,19,15.480769230769232,2.739598558837136,0,0,-0.49999999999999917,-0.8660254037844392
2023,8,2759,17417,Distrito Federal,2023-08-01,20,15.84084515128897,2.7625917404735927,0,0,-0.8660254037844387,-0.49999999999999983
2023,9,2601,16465,Distrito Federal,2023-09-01,21,15.797145460066808,2.7598292566262783,0,0,-1,-4.2861222383783204e-16
2023,10,2406,15587,Distrito Federal,2023-10-01,22,15.435940206582407,2.7366985700336643,0,0,-0.8660254037844392,0.4999999999999991
2023,11,2360,15014,Distrito Federal,2023-11-01,23,15.718662581590515,2.7548487058747995,0,0,-0.5000000000000014,0.8660254037844378
2023,12,2338,14813,Distrito Federal,2023-12-01,24,15.783433470600148,2.758960875438053,0,0,-4.898425415289509e-16,1
2024,1,3007,15637,Distrito Federal,2024-01-01,25,19.230031335934004,2.9564731891331104,0,0,0.5000000000000006,0.8660254037844383
2024,2,3927,16043,Distrito Federal,2024-02-01,26,24.477965467805273,3.197773344215025,0,0,0.8660254037844387,0.49999999999999994
2024,3,4545,17125,Distrito Federal,2024-03-01,27,26.54014598540146,3.2786585294692445,0,0,1,5.510728592200698e-16
2024,4,4299,17802,Distrito Federal,2024-04-01,28,24.1489720256151,3.1842418129654964,0,0,0.8660254037844393,-0.499999999999999
2024,5,3562,16838,Distrito Federal,2024-05-01,29,21.154531417032903,3.051854133940089,1,1,0.5,-0.8660254037844386
2024,6,2996,16160,Distrito Federal,2024-06-01,30,18.53960396039604,2.919909198550115,1,2,2.388660016311439e-15,-1
2024,7,3035,16887,Distrito Federal,2024-07-01,31,17.972404808432522,2.888837515349554,1,3,-0.49999999999999895,-0.8660254037844393
2024,8,2671,16473,Distrito Federal,2024-08-01,32,16.214411461178898,2.78590044315107,1,4,-0.8660254037844377,-0.5000000000000016
2024,9,2393,14989,Distrito Federal,2024-09-01,33,15.96504103008873,2.7704013961658687,1,5,-1,1.102823344797943e-15
2024,10,2366,15715,Distrito Federal,2024-10-01,34,15.055679287305123,2.7117552812947556,1,6,-0.8660254037844384,0.5000000000000004
2024,11,2384,15400,Distrito Federal,2024-11-01,35,15.480519480519481,2.7395824257716113,1,7,-0.5000000000000001,0.8660254037844386
2024,12,2271,14282,Distrito Federal,2024-12-01,36,15.901134294916677,2.7663904459845945,1,8,-7.347638122934264e-16,1
2025,1,2406,16517,Distrito Federal,2025-01-01,37,14.566809953381366,2.678745650001625,1,9,0.49999999999999883,0.8660254037844394
2025,2,2008,14923,Distrito Federal,2025-02-01,38,13.455739462574549,2.599405740868243,1,10,0.8660254037844377,0.5000000000000017
2025,3,2738,16152,Distrito Federal,2025-03-01,39,16.951461119366023,2.8303540318438123,1,11,1,2.5723509693847957e-15
2025,4,2673,15602,Distrito Federal,2025-04-01,40,17.132418920651197,2.8409725119787517,1,12,0.8660254037844385,-0.5000000000000003
2025,5,2807,16846,Distrito Federal,2025-05-01,41,16.662709248486287,2.813173243474665,1,13,0.5000000000000033,-0.8660254037844367
2025,6,2737,16462,Distrito Federal,2025-06-01,42,16.626169359737577,2.810977921496181,1,14,8.572244476756641e-16,-1
2025,7,2718,17181,Distrito Federal,2025-07-01,43,15.819800942902043,2.7612623796372135,1,15,-0.4999999999999987,-0.8660254037844394
2025,8,2429,15992,Distrito Federal,2025-08-01,44,15.188844422211107,2.7205612388100278,1,16,-0.8660254037844376,-0.5000000000000018
2025,9,2459,16322,Distrito Federal,2025-09-01,45,15.06555569170445,2.7124110581750958,1,17,-1,8.579020740334675e-16
2025,10,2330,16133,Distrito Federal,2025-10-01,46,14.442447157999133,2.6701715898816936,1,18,-0.8660254037844403,0.4999999999999971
2025,11,2281,15511,Distrito Federal,2025-11-01,47,14.705692734188641,2.6882346796477288,1,19,-0.5000000000000003,0.8660254037844385
2025,12,2386,16027,Distrito Federal,2025-12-01,48,14.887377550383727,2.7005137096523772,1,20,-9.796850830579018e-16,1
2026,1,2204,15477,Distrito Federal,2026-01-01,49,14.240485882276927,2.6560890263481367,1,21,0.4999999999999986,0.8660254037844395
2026,2,2018,14539,Distrito Federal,2026-02-01,50,13.87990920971181,2.6304424139702203,1,22,0.8660254037844394,0.49999999999999883
2026,3,2536,16093,Distrito Federal,2026-03-01,51,15.758404275150687,2.7573738277267132,1,23,1,2.817272240149271e-15
2022,1,1809,11079,Fortaleza,2022-01-01,1,16.328188464662876,2.7928929678627137,0,0,0.49999999999999994,0.8660254037844387
2022,2,1907,10755,Fortaleza,2022-02-01,2,17.731287773128777,2.87533074988668,0,0,0.8660254037844386,0.5000000000000001
2022,3,2360,12184,Fortaleza,2022-03-01,3,19.369665134602755,2.963708189432749,0,0,1,6.123031769111886e-17
2022,4,2492,11386,Fortaleza,2022-04-01,4,21.886527314245566,3.085871256384408,0,0,0.8660254037844387,-0.4999999999999998
2022,5,2532,11417,Fortaleza,2022-05-01,5,22.177454672856268,3.099076217575831,0,0,0.49999999999999994,-0.8660254037844387
2022,6,2349,11332,Fortaleza,2022-06-01,6,20.72890928344511,3.0315293096965967,0,0,1.2246063538223773e-16,-1
2022,7,2048,12365,Fortaleza,2022-07-01,7,16.56287909421755,2.807163992191973,0,0,-0.4999999999999997,-0.8660254037844388
2022,8,2210,12458,Fortaleza,2022-08-01,8,17.739605073045432,2.875799714685799,0,0,-0.8660254037844384,-0.5000000000000004
2022,9,2255,12223,Fortaleza,2022-09-01,9,18.448825983801033,2.9150007361476074,0,0,-1,-1.836909530733566e-16
2022,10,2065,11955,Fortaleza,2022-10-01,10,17.273107486407362,2.8491508114907993,0,0,-0.8660254037844386,0.5000000000000001
2022,11,2095,11424,Fortaleza,2022-11-01,11,18.33858543417367,2.909007333764964,0,0,-0.5000000000000004,0.8660254037844384
2022,12,1933,11495,Fortaleza,2022-12-01,12,16.81600695954763,2.82233122799914,0,0,-2.4492127076447545e-16,1
2023,1,1770,11514,Fortaleza,2023-01-01,13,15.372589890568003,2.732586046320211,0,0,0.5,0.8660254037844386
2023,2,1800,10886,Fortaleza,2023-02-01,14,16.53499908138894,2.805479290878202,0,0,0.8660254037844384,0.5000000000000006
2023,3,2375,12130,Fortaleza,2023-03-01,15,19.579554822753504,2.974485900518737,0,0,1,1.1943300081557195e-15
2023,4,2541,12081,Fortaleza,2023-04-01,16,21.033027067295755,3.046093919788692,0,0,0.8660254037844392,-0.4999999999999992
2023,5,2657,12758,Fortaleza,2023-05-01,17,20.826148299106443,3.0362093269460044,0,0,0.4999999999999998,-0.8660254037844388
2023,6,2400,12254,Fortaleza,2023-06-01,18,19.58544148849355,2.974786509038528,0,0,3.673819061467132e-16,-1
2023,7,2180,12459,Fortaleza,2023-07-01,19,17.49739144393611,2.8620518094723626,0,0,-0.49999999999999917,-0.8660254037844392
2023,8,2019,12195,Fortaleza,2023-08-01,20,16.555965559655597,2.806746493650908,0,0,-0.8660254037844387,-0.49999999999999983
2023,9,2059,12132,Fortaleza,2023-09-01,21,16.97164523574019,2.831544024207409,0,0,-1,-4.2861222383783204e-16
2023,10,2153,11967,Fortaleza,2023-10-01,22,17.991142308013703,2.889879542778938,0,0,-0.8660254037844392,0.4999999999999991
2023,11,2241,12284,Fortaleza,2023-11-01,23,18.243243243243242,2.9037947782283053,0,0,-0.5000000000000014,0.8660254037844378
2023,12,1887,11316,Fortaleza,2023-12-01,24,16.675503711558854,2.813940798935184,0,0,-4.898425415289509e-16,1
2024,1,1860,12171,Fortaleza,2024-01-01,25,15.282228247473503,2.726690600820781,0,0,0.5000000000000006,0.8660254037844383
2024,2,1781,11119,Fortaleza,2024-02-01,26,16.017627484486017,2.7736898335745037,0,0,0.8660254037844387,0.49999999999999994
2024,3,2125,11712,Fortaleza,2024-03-01,27,18.143784153005466,2.8983280311455157,0,0,1,5.510728592200698e-16
2024,4,2454,13243,Fortaleza,2024-04-01,28,18.53054443857132,2.9194204213319837,0,0,0.8660254037844393,-0.499999999999999
2024,5,2532,12755,Fortaleza,2024-05-01,29,19.851038808310467,2.9882563386762464,1,1,0.5,-0.8660254037844386
2024,6,2407,12364,Fortaleza,2024-06-01,30,19.467809770300875,2.9687623205191565,1,2,2.388660016311439e-15,-1
2024,7,2146,12201,Fortaleza,2024-07-01,31,17.588722235882305,2.867257914603401,1,3,-0.49999999999999895,-0.8660254037844393
2024,8,1996,12100,Fortaleza,2024-08-01,32,16.49586776859504,2.8031099112746682,1,4,-0.8660254037844377,-0.5000000000000016
2024,9,2138,12603,Fortaleza,2024-09-01,33,16.964214869475523,2.8311061177355903,1,5,-1,1.102823344797943e-15
2024,10,2036,12116,Fortaleza,2024-10-01,34,16.804225817101354,2.821630391511377,1,6,-0.8660254037844384,0.5000000000000004
2024,11,1840,11528,Fortaleza,2024-11-01,35,15.96113809854268,2.7701568989117646,1,7,-0.5000000000000001,0.8660254037844386
2024,12,1792,11407,Fortaleza,2024-12-01,36,15.70965196808977,2.7542752984950694,1,8,-7.347638122934264e-16,1
2025,1,1881,11998,Fortaleza,2025-01-01,37,15.677612935489249,2.7522337670760835,1,9,0.49999999999999883,0.8660254037844394
2025,2,1995,11821,Fortaleza,2025-02-01,38,16.876744776245665,2.8259366255616785,1,10,0.8660254037844377,0.5000000000000017
2025,3,2199,11910,Fortaleza,2025-03-01,39,18.463476070528966,2.915794514193507,1,11,1,2.5723509693847957e-15
2025,4,2493,11795,Fortaleza,2025-04-01,40,21.136074607884698,3.050981277669874,1,12,0.8660254037844385,-0.5000000000000003
2025,5,2973,13723,Fortaleza,2025-05-01,41,21.664359105151934,3.075668472716556,1,13,0.5000000000000033,-0.8660254037844367
2025,6,2145,11917,Fortaleza,2025-06-01,42,17.999496517579928,2.8903437862594026,1,14,8.572244476756641e-16,-1
2025,7,1980,12530,Fortaleza,2025-07-01,43,15.802075019952113,2.760141261786558,1,15,-0.4999999999999987,-0.8660254037844394
2025,8,2000,12160,Fortaleza,2025-08-01,44,16.447368421052634,2.800165490010016,1,16,-0.8660254037844376,-0.5000000000000018
2025,9,2043,12653,Fortaleza,2025-09-01,45,16.14636845016992,2.78169516061645,1,17,-1,8.579020740334675e-16
2025,10,2115,12778,Fortaleza,2025-10-01,46,16.551886054155577,2.806500056306181,1,18,-0.8660254037844403,0.4999999999999971
2025,11,1935,12242,Fortaleza,2025-11-01,47,15.806240810325109,2.7604048500409584,1,19,-0.5000000000000003,0.8660254037844385
2025,12,1874,11393,Fortaleza,2025-12-01,48,16.44869656806811,2.8002462380883433,1,20,-9.796850830579018e-16,1
2026,1,1626,10415,Fortaleza,2026-01-01,49,15.612097935669707,2.748046122400775,1,21,0.4999999999999986,0.8660254037844395
2026,2,1647,10235,Fortaleza,2026-02-01,50,16.091841719589645,2.778312418070342,1,22,0.8660254037844394,0.49999999999999883
2026,3,1960,11784,Fortaleza,2026-03-01,51,16.632722335369994,2.811371980070188,1,23,1,2.817272240149271e-15
2022,1,2267,16333,Rio de Janeiro,2022-01-01,1,13.879875099491827,2.630439956442481,0,0,0.49999999999999994,0.8660254037844387
2022,2,2287,16289,Rio de Janeiro,2022-02-01,2,14.040149794339737,2.6419210676532674,0,0,0.8660254037844386,0.5000000000000001
2022,3,2558,18907,Rio de Janeiro,2022-03-01,3,13.529380652668324,2.6048636652789505,0,0,1,6.123031769111886e-17
2022,4,2463,18129,Rio de Janeiro,2022-04-01,4,13.585967234817145,2.609037439078961,0,0,0.8660254037844387,-0.4999999999999998
2022,5,2850,19757,Rio de Janeiro,2022-05-01,5,14.425266993976818,2.6689813213373825,0,0,0.49999999999999994,-0.8660254037844387
2022,6,2717,17695,Rio de Janeiro,2022-06-01,6,15.354619949138174,2.7314164026348755,0,0,1.2246063538223773e-16,-1
2022,7,2547,18605,Rio de Janeiro,2022-07-01,7,13.689868314969095,2.6166560201868254,0,0,-0.4999999999999997,-0.8660254037844388
2022,8,2857,19213,Rio de Janeiro,2022-08-01,8,14.870140009368656,2.6993551759871632,0,0,-0.8660254037844384,-0.5000000000000004
2022,9,2695,18641,Rio de Janeiro,2022-09-01,9,14.457378895981975,2.6712049344619433,0,0,-1,-1.836909530733566e-16
2022,10,2675,19239,Rio de Janeiro,2022-10-01,10,13.904049066999324,2.6321800975012257,0,0,-0.8660254037844386,0.5000000000000001
2022,11,2542,18220,Rio de Janeiro,2022-11-01,11,13.951701427003293,2.6356014669235415,0,0,-0.5000000000000004,0.8660254037844384
2022,12,2232,18317,Rio de Janeiro,2022-12-01,12,12.18540153955342,2.500238640129076,0,0,-2.4492127076447545e-16,1
2023,1,2455,18317,Rio de Janeiro,2023-01-01,13,13.40284981165038,2.5954673568564957,0,0,0.5,0.8660254037844386
2023,2,2004,17195,Rio de Janeiro,2023-02-01,14,11.65455074149462,2.4556967253264803,0,0,0.8660254037844384,0.5000000000000006
2023,3,2735,20386,Rio de Janeiro,2023-03-01,15,13.416069851859119,2.596453231115815,0,0,1,1.1943300081557195e-15
2023,4,2549,19416,Rio de Janeiro,2023-04-01,16,13.128347754429337,2.5747738429577693,0,0,0.8660254037844392,-0.4999999999999992
2023,5,2929,22575,Rio de Janeiro,2023-05-01,17,12.97452934662237,2.5629881545306388,0,0,0.4999999999999998,-0.8660254037844388
2023,6,2928,21967,Rio de Janeiro,2023-06-01,18,13.32908453589475,2.589948454855108,0,0,3.673819061467132e-16,-1
2023,7,2966,21932,Rio de Janeiro,2023-07-01,19,13.52361845704906,2.6044376721620295,0,0,-0.49999999999999917,-0.8660254037844392
2023,8,3186,23891,Rio de Janeiro,2023-08-01,20,13.335565694194468,2.590434578496065,0,0,-0.8660254037844387,-0.49999999999999983
2023,9,3158,23946,Rio de Janeiro,2023-09-01,21,13.188006347615469,2.5793078065268897,0,0,-1,-4.2861222383783204e-16
2023,10,3157,27996,Rio de Janeiro,2023-10-01,22,11.276610944420632,2.4227307527366526,0,0,-0.8660254037844392,0.4999999999999991
2023,11,3107,23963,Rio de Janeiro,2023-11-01,23,12.965822309393648,2.5623168423085705,0,0,-0.5000000000000014,0.8660254037844378
2023,12,2919,23178,Rio de Janeiro,2023-12-01,24,12.593838985244629,2.5332077249478697,0,0,-4.898425415289509e-16,1
2024,1,2827,22390,Rio de Janeiro,2024-01-01,25,12.626172398392137,2.535771834088881,0,0,0.5000000000000006,0.8660254037844383
2024,2,2555,20888,Rio de Janeiro,2024-02-01,26,12.23190348525469,2.504047578246931,0,0,0.8660254037844387,0.49999999999999994
2024,3,2896,23265,Rio de Janeiro,2024-03-01,27,12.447883086180958,2.5215505752149494,0,0,1,5.510728592200698e-16
2024,4,3100,23951,Rio de Janeiro,2024-04-01,28,12.943092146465702,2.560562220840483,0,0,0.8660254037844393,-0.499999999999999
2024,5,2968,24204,Rio de Janeiro,2024-05-01,29,12.262435960998182,2.5065406025331503,1,1,0.5,-0.8660254037844386
2024,6,2797,23085,Rio de Janeiro,2024-06-01,30,12.116092700888023,2.4945345442489617,1,2,2.388660016311439e-15,-1
2024,7,2919,23180,Rio de Janeiro,2024-07-01,31,12.592752372735116,2.5331214399484634,1,3,-0.49999999999999895,-0.8660254037844393
2024,8,2615,23135,Rio de Janeiro,2024-08-01,32,11.303220229090122,2.425087661146015,1,4,-0.8660254037844377,-0.5000000000000016
2024,9,2714,22045,Rio de Janeiro,2024-09-01,33,12.311181673848944,2.510507928590868,1,5,-1,1.102823344797943e-15
2024,10,2562,22708,Rio de Janeiro,2024-10-01,34,11.282367447595561,2.423241104154154,1,6,-0.8660254037844384,0.5000000000000004
2024,11,2679,21257,Rio de Janeiro,2024-11-01,35,12.602907277602672,2.5339275236595746,1,7,-0.5000000000000001,0.8660254037844386
2024,12,2387,20262,Rio de Janeiro,2024-12-01,36,11.780673181324646,2.466460322713299,1,8,-7.347638122934264e-16,1
2025,1,2739,23247,Rio de Janeiro,2025-01-01,37,11.782165440702027,2.4665869848191098,1,9,0.49999999999999883,0.8660254037844394
2025,2,2426,21147,Rio de Janeiro,2025-02-01,38,11.47207641745874,2.4399159450501013,1,10,0.8660254037844377,0.5000000000000017
2025,3,2310,21869,Rio de Janeiro,2025-03-01,39,10.562897251817642,2.3573476016156074,1,11,1,2.5723509693847957e-15
2025,4,2593,22138,Rio de Janeiro,2025-04-01,40,11.712891860149968,2.4606901035811863,1,12,0.8660254037844385,-0.5000000000000003
2025,5,2637,23292,Rio de Janeiro,2025-05-01,41,11.321483771251932,2.4267021393843673,1,13,0.5000000000000033,-0.8660254037844367
2025,6,2976,22839,Rio de Janeiro,2025-06-01,42,13.030342834624983,2.5672807019667516,1,14,8.572244476756641e-16,-1
2025,7,2909,24019,Rio de Janeiro,2025-07-01,43,12.111245264165868,2.4941343816893085,1,15,-0.4999999999999987,-0.8660254037844394
2025,8,2825,24535,Rio de Janeiro,2025-08-01,44,11.514163439983696,2.4435778810446287,1,16,-0.8660254037844376,-0.5000000000000018
2025,9,2766,24014,Rio de Janeiro,2025-09-01,45,11.518281002748397,2.4439354256221315,1,17,-1,8.579020740334675e-16
2025,10,2768,25810,Rio de Janeiro,2025-10-01,46,10.724525377760557,2.372533210012992,1,18,-0.8660254037844403,0.4999999999999971
2025,11,2860,24443,Rio de Janeiro,2025-11-01,47,11.700691404492083,2.459647934458738,1,19,-0.5000000000000003,0.8660254037844385
2025,12,2747,23397,Rio de Janeiro,2025-12-01,48,11.740821472838398,2.4630717840847574,1,20,-9.796850830579018e-16,1
2026,1,2554,22193,Rio de Janeiro,2026-01-01,49,11.508133195151625,2.443054019757847,1,21,0.4999999999999986,0.8660254037844395
2026,2,2378,20962,Rio de Janeiro,2026-02-01,50,11.34433737238813,2.4287187095086957,1,22,0.8660254037844394,0.49999999999999883
2026,3,2830,24639,Rio de Janeiro,2026-03-01,51,11.485855757133,2.4411163442170727,1,23,1,2.817272240149271e-15
2022,1,6891,44246,São Paulo,2022-01-01,1,15.574289201283731,2.7456214264753673,0,0,0.49999999999999994,0.8660254037844387
2022,2,5516,42321,São Paulo,2022-02-01,2,13.033718484912926,2.5675397291586717,0,0,0.8660254037844386,0.5000000000000001
2022,3,7308,47154,São Paulo,2022-03-01,3,15.498154981549817,2.7407209833917587,0,0,1,6.123031769111886e-17
2022,4,7294,44162,São Paulo,2022-04-01,4,16.51646211675196,2.804357587576222,0,0,0.8660254037844387,-0.4999999999999998
2022,5,7271,42309,São Paulo,2022-05-01,5,17.18546881278215,2.8440641902777983,0,0,0.49999999999999994,-0.8660254037844387
2022,6,6486,41818,São Paulo,2022-06-01,6,15.510067435075806,2.7414893250239865,0,0,1.2246063538223773e-16,-1
2022,7,7622,47562,São Paulo,2022-07-01,7,16.025398427315924,2.774174865356686,0,0,-0.4999999999999997,-0.8660254037844388
2022,8,6991,46090,São Paulo,2022-08-01,8,15.168149273161205,2.7191977867855224,0,0,-0.8660254037844384,-0.5000000000000004
2022,9,6955,48177,São Paulo,2022-09-01,9,14.436349295306888,2.669749282616034,0,0,-1,-1.836909530733566e-16
2022,10,7732,48298,São Paulo,2022-10-01,10,16.0089444697503,2.773147595400473,0,0,-0.8660254037844386,0.5000000000000001
2022,11,7423,45225,São Paulo,2022-11-01,11,16.41348811498065,2.7981034428421423,0,0,-0.5000000000000004,0.8660254037844384
2022,12,6818,44281,São Paulo,2022-12-01,12,15.397122919536596,2.7341806685592025,0,0,-2.4492127076447545e-16,1
2023,1,6610,45721,São Paulo,2023-01-01,13,14.457251591172545,2.671196128898304,0,0,0.5,0.8660254037844386
2023,2,6611,43328,São Paulo,2023-02-01,14,15.2580317577548,2.7251060370497227,0,0,0.8660254037844384,0.5000000000000006
2023,3,7924,51188,São Paulo,2023-03-01,15,15.480190669688207,2.7395611852490465,0,0,1,1.1943300081557195e-15
2023,4,7361,46747,São Paulo,2023-04-01,16,15.746465013797678,2.7566158965120136,0,0,0.8660254037844392,-0.4999999999999992
2023,5,8294,50018,São Paulo,2023-05-01,17,16.582030469031146,2.808319607168587,0,0,0.4999999999999998,-0.8660254037844388
2023,6,8232,49401,São Paulo,2023-06-01,18,16.6636302908848,2.8132285176158685,0,0,3.673819061467132e-16,-1
2023,7,7550,47855,São Paulo,2023-07-01,19,15.776825828022151,2.758542143601155,0,0,-0.49999999999999917,-0.8660254037844392
2023,8,7940,50857,São Paulo,2023-08-01,20,15.612403405627544,2.748065688443128,0,0,-0.8660254037844387,-0.49999999999999983
2023,9,7203,47702,São Paulo,2023-09-01,21,15.099995807303676,2.7146944661588317,0,0,-1,-4.2861222383783204e-16
2023,10,7160,48538,São Paulo,2023-10-01,22,14.751328855741894,2.6913331706425008,0,0,-0.8660254037844392,0.4999999999999991
2023,11,7019,45856,São Paulo,2023-11-01,23,15.306612002791347,2.7282848920906146,0,0,-0.5000000000000014,0.8660254037844378
2023,12,6587,45318,São Paulo,2023-12-01,24,14.535063330244052,2.676563891087281,0,0,-4.898425415289509e-16,1
2024,1,6518,46431,São Paulo,2024-01-01,25,14.038034933557322,2.641770426804729,0,0,0.5000000000000006,0.8660254037844383
2024,2,6687,46994,São Paulo,2024-02-01,26,14.229476103332338,2.655315595073519,0,0,0.8660254037844387,0.49999999999999994
2024,3,8466,51521,São Paulo,2024-03-01,27,16.432134469439646,2.7992388365412073,0,0,1,5.510728592200698e-16
2024,4,9882,52393,São Paulo,2024-04-01,28,18.861298265035405,2.937112111794556,0,0,0.8660254037844393,-0.499999999999999
2024,5,9604,51801,São Paulo,2024-05-01,29,18.540182621957104,2.919940410248695,1,1,0.5,-0.8660254037844386
2024,6,9036,51889,São Paulo,2024-06-01,30,17.414095473028965,2.8572799629358396,1,2,2.388660016311439e-15,-1
2024,7,8546,51261,São Paulo,2024-07-01,31,16.67154366867599,2.8137032940756783,1,3,-0.49999999999999895,-0.8660254037844393
2024,8,8427,51999,São Paulo,2024-08-01,32,16.206080886170888,2.7853865351510247,1,4,-0.8660254037844377,-0.5000000000000016
2024,9,7689,51301,São Paulo,2024-09-01,33,14.988011929592016,2.707250676874013,1,5,-1,1.102823344797943e-15
2024,10,7724,53167,São Paulo,2024-10-01,34,14.527808603080858,2.676064647424747,1,6,-0.8660254037844384,0.5000000000000004
2024,11,8033,50766,São Paulo,2024-11-01,35,15.8235827128393,2.7615014040093477,1,7,-0.5000000000000001,0.8660254037844386
2024,12,7868,48972,São Paulo,2024-12-01,36,16.066323613493424,2.776725380303235,1,8,-7.347638122934264e-16,1
2025,1,7290,50603,São Paulo,2025-01-01,37,14.406260498389422,2.6676628689351847,1,9,0.49999999999999883,0.8660254037844394
2025,2,6506,48440,São Paulo,2025-02-01,38,13.43104872006606,2.5975690953543595,1,10,0.8660254037844377,0.5000000000000017
2025,3,7538,51043,São Paulo,2025-03-01,39,14.767940755833317,2.692458666094359,1,11,1,2.5723509693847957e-15
2025,4,8160,51805,São Paulo,2025-04-01,40,15.751375349869704,2.756927685260392,1,12,0.8660254037844385,-0.5000000000000003
2025,5,8492,54663,São Paulo,2025-05-01,41,15.53518833580301,2.7431076660932496,1,13,0.5000000000000033,-0.8660254037844367
2025,6,8245,53438,São Paulo,2025-06-01,42,15.429095400276957,2.7362550386213025,1,14,8.572244476756641e-16,-1
2025,7,7972,54182,São Paulo,2025-07-01,43,14.713373445055552,2.688756838372593,1,15,-0.4999999999999987,-0.8660254037844394
2025,8,8002,53842,São Paulo,2025-08-01,44,14.862003640280822,2.6988078646740727,1,16,-0.8660254037844376,-0.5000000000000018
2025,9,7923,52786,São Paulo,2025-09-01,45,15.009661652710946,2.70869410393301,1,17,-1,8.579020740334675e-16
2025,10,8324,54201,São Paulo,2025-10-01,46,15.357650227855574,2.7316137360595794,1,18,-0.8660254037844403,0.4999999999999971
2025,11,7511,50284,São Paulo,2025-11-01,47,14.937156948532337,2.7038518636393816,1,19,-0.5000000000000003,0.8660254037844385
2025,12,6619,47572,São Paulo,2025-12-01,48,13.913646682922728,2.6328701342598784,1,20,-9.796850830579018e-16,1
2026,1,6265,49227,São Paulo,2026-01-01,49,12.726755642228857,2.543706520875,1,21,0.4999999999999986,0.8660254037844395
2026,2,6252,48640,São Paulo,2026-02-01,50,12.853618421052632,2.55362536088941,1,22,0.8660254037844394,0.49999999999999883
2026,3,7480,53758,São Paulo,2026-03-01,51,13.914208117861527,2.632910484832561,1,23,1,2.817272240149271e-15
