ano,nome_cs,pop_cs_total,n_icsap_total,taxa_bruta,taxa_padronizada
2022,CENTRO DE SAUDE AARAO REIS,11650,81,69.52789699570815,72.01650250986647
2022,CENTRO DE SAUDE ALCIDES LINS,16809,170,101.13629603188768,90.27259880524502
2022,CENTRO DE SAUDE ALTO VERA CRUZ,11675,162,138.75802997858673,157.98972891768088
2022,CENTRO DE SAUDE AMILCAR VIANA MARTINS,12697,127,100.02362762857368,103.20037382809116
2022,CENTRO DE SAUDE ANDRADAS,18073,182,100.70270569357605,107.4102749972314
2022,CENTRO DE SAUDE BAIRRO DAS INDUSTRIAS - CENTRO DE SAUDE DR. JOSE DOMINGOS,13836,141,101.90806591500434,101.31128310953075
2022,CENTRO DE SAUDE BARREIRO - CARLOS RENATO DIAS,19294,167,86.55540582564528,79.39452725676017
2022,CENTRO DE SAUDE BARREIRO DE CIMA,17070,181,106.03397773872291,112.02718934496117
2022,CENTRO DE SAUDE BETANIA,10839,99,91.33683919180737,97.86905595844449
2022,CENTRO DE SAUDE BOA VISTA,10081,127,125.97956551929373,124.43362561893211
2022,CENTRO DE SAUDE BOM JESUS,9944,115,115.64762670957361,101.54516114152447
2022,CENTRO DE SAUDE BONSUCESSO,12486,150,120.13455069678038,148.09888167621574
2022,CENTRO DE SAUDE CABANA,16580,210,126.65862484921593,129.16660292613287
2022,CENTRO DE SAUDE CACHOEIRINHA,13773,140,101.64815218180499,94.53029336792986
2022,CENTRO DE SAUDE CAFEZAL,9511,96,100.9357585953107,141.52534330984454
2022,CENTRO DE SAUDE CALIFORNIA,15827,146,92.24742528590384,95.30703836769142
2022,CENTRO DE SAUDE CAMARGOS,13238,50,37.77005589968273,48.490898224531456
2022,CENTRO DE SAUDE CAMPO ALEGRE,18047,152,84.22452485177591,85.158086488282
2022,CENTRO DE SAUDE CAPITAO EDUARDO,4549,57,125.30226423389756,146.30731677347393
2022,CENTRO DE SAUDE CARLOS CHAGAS,22988,359,156.16843570558552,172.11018677243695
2022,CENTRO DE SAUDE CARLOS PRATES,28247,225,79.65447658158388,66.2326374820263
2022,CENTRO DE SAUDE CEU AZUL,18181,188,103.40465320939441,108.59815929816855
2022,CENTRO DE SAUDE CICERO IDELFONSO,10507,189,179.8800799467022,194.59501586199636
2022,CENTRO DE SAUDE CIDADE OZANAN,24513,130,53.03308448578305,45.81746999572729
2022,CENTRO DE SAUDE CONFISCO,11498,110,95.66881196729867,106.38586792078024
2022,CENTRO DE SAUDE CONJUNTO BETANIA,8413,72,85.58183763223582,82.43410217348242
2022,CENTRO DE SAUDE CONJUNTO PAULO VI,8636,63,72.95044001852709,100.5724473950272
2022,CENTRO DE SAUDE CONJUNTO RIBEIRO DE ABREU - EFIGENIA MURTA FIGUEIREDO,7742,79,102.0408163265306,110.97893500956053
2022,CENTRO DE SAUDE CONJUNTO SANTA MARIA,17490,38,21.726700971983988,19.02508736048077
2022,CENTRO DE SAUDE COPACABANA,14176,136,95.93679458239278,111.2068329856865
2022,CENTRO DE SAUDE COQUEIROS,15630,151,96.60908509277031,92.70224489553217
2022,CENTRO DE SAUDE DIAMANTE - TEIXEIRA DIAS,14608,142,97.20700985761226,100.09783767462581
2022,CENTRO DE SAUDE DOM BOSCO,12206,150,122.89038177945274,110.17285614975343
2022,CENTRO DE SAUDE DOM CABRAL,12520,95,75.87859424920127,75.1488912540013
2022,CENTRO DE SAUDE DOM JOAQUIM,6987,40,57.24917704308,58.84652332788413
2022,CENTRO DE SAUDE DOM ORIONE,15914,95,59.695865275857734,55.66211920338442
2022,CENTRO DE SAUDE ERMELINDA,17365,190,109.41549093003168,110.04714497399577
2022,CENTRO DE SAUDE ETELVINA CARNEIRO,15056,155,102.94899043570669,130.46410322680967
2022,CENTRO DE SAUDE FELICIDADE II,7474,88,117.74150388011775,133.11980751134723
2022,CENTRO DE SAUDE FLORAMAR,8042,66,82.0691370305894,81.54894828183919
2022,CENTRO DE SAUDE GENTIL GOMES,12821,125,97.49629514078465,89.04009308267524
2022,CENTRO DE SAUDE GLORIA,9529,123,129.0796515898835,122.779825477645
2022,CENTRO DE SAUDE GOIANIA,18681,214,114.55489534821476,125.48037775714423
2022,CENTRO DE SAUDE GRANJA DE FREITAS,6941,120,172.885751332661,227.47913583126774
2022,CENTRO DE SAUDE GUARANI,8192,100,122.0703125,113.06423765322697
2022,CENTRO DE SAUDE HAVAI,30092,110,36.55456599760734,42.27831536215251
2022,CENTRO DE SAUDE HELIOPOLIS,16276,130,79.87220447284345,90.71703010351354
2022,CENTRO DE SAUDE HORTO,37854,220,58.11803244042901,51.39612706244987
2022,CENTRO DE SAUDE INDEPENDENCIA,15447,171,110.7011070110701,127.89975788246566
2022,CENTRO DE SAUDE ITAIPU - JATOBA,14588,113,77.46092678914177,92.81179159740984
2022,CENTRO DE SAUDE ITAMARATI,15499,61,39.35737789534809,40.13838433491482
2022,CENTRO DE SAUDE JAQUELINE,7616,73,95.85084033613445,116.28538879552387
2022,CENTRO DE SAUDE JAQUELINE II,9543,89,93.26207691501625,105.83101827585928
2022,CENTRO DE SAUDE JARDIM ALVORADA,10739,141,131.29714126082501,143.6192947709267
2022,CENTRO DE SAUDE JARDIM DOS COMERCIARIOS,10982,192,174.83154252413038,191.13921798923582
2022,CENTRO DE SAUDE JARDIM EUROPA,13444,240,178.51829812555786,174.3722595747639
2022,CENTRO DE SAUDE JARDIM FELICIDADE,9889,138,139.54899383153,153.47263320024447
2022,CENTRO DE SAUDE JARDIM FILADELFIA,9852,137,139.0580592773041,134.90621441343416
2022,CENTRO DE SAUDE JARDIM GUANABARA,15137,124,81.91847790182996,89.52320999085251
2022,CENTRO DE SAUDE JARDIM LEBLON,13482,151,112.00118676754191,132.43195019411223
2022,CENTRO DE SAUDE JARDIM MONTANHES,24441,124,50.734421668507835,44.73936154051696
2022,CENTRO DE SAUDE JARDIM VITÓRIA - MARCELO PONTEL GOMES,12263,72,58.71320231590965,90.53589407926778
2022,CENTRO DE SAUDE JOAO PINHEIRO,10987,57,51.879493947392376,48.140615875006674
2022,CENTRO DE SAUDE JOAO VITAL,6467,34,52.57460955620844,66.74294529661461
2022,CENTRO DE SAUDE JOAO XXIII,3480,32,91.95402298850574,101.85378588920437
2022,CENTRO DE SAUDE LAGOA,12737,126,98.92439349925415,106.60891912675339
2022,CENTRO DE SAUDE LAJEDO,14297,159,111.21214240749808,127.19980725919038
2022,CENTRO DE SAUDE LINDEIA - MARIA MADALENA TEODORO,11083,165,148.87665794459983,146.59864827192763
2022,CENTRO DE SAUDE LISANDRA ANGELICA DAVID JUSTINO - TUNEL DE IBIRITE,9052,54,59.65532479010163,61.35892186237458
2022,CENTRO DE SAUDE MANGUEIRAS,14150,111,78.44522968197879,108.4298345242873
2022,CENTRO DE SAUDE MANTIQUEIRA,15039,196,130.32781434935833,136.49388367027248
2022,CENTRO DE SAUDE MARIA GORETTI,14439,165,114.27384167878661,114.08150527181994
2022,CENTRO DE SAUDE MARIANO DE ABREU,13635,124,90.94242757609094,94.44373178582384
2022,CENTRO DE SAUDE MENINO JESUS,47301,64,13.53036933680049,11.625844588602067
2022,CENTRO DE SAUDE MG-20,7595,122,160.63199473337724,174.36077810295495
2022,CENTRO DE SAUDE MILIONARIOS,16929,205,121.09398074310356,126.13814536896206
2022,CENTRO DE SAUDE MINAS CAIXA,15826,186,117.52811828636422,124.78677581597469
2022,CENTRO DE SAUDE MIRAMAR - EDUARDO MAURO DE ARAUJO,17545,199,113.42262752921059,114.57118232122504
2022,CENTRO DE SAUDE NAZARE,14132,179,126.66289272572884,156.13056533883756
2022,CENTRO DE SAUDE NORALDINO DE LIMA,35941,160,44.51740352243955,39.42688648187883
2022,CENTRO DE SAUDE NOSSA SENHORA APARECIDA,21952,163,74.25291545189505,73.33914189128582
2022,CENTRO DE SAUDE NOSSA SENHORA DE FATIMA,36036,120,33.3000333000333,31.21130382842154
2022,CENTRO DE SAUDE NOVA YORK,11182,142,126.98980504382044,142.69746209604278
2022,CENTRO DE SAUDE NOVO AARAO REIS,7517,121,160.96847146468005,196.45137312392544
2022,CENTRO DE SAUDE NOVO HORIZONTE,9531,173,181.51295771692372,237.12697031670612
2022,CENTRO DE SAUDE OLAVO ALBINO CORREA,12415,145,116.79420056383408,145.02763870530234
2022,CENTRO DE SAUDE OSWALDO CRUZ,23423,93,39.7045638901934,39.74527864195617
2022,CENTRO DE SAUDE OURO PRETO,23673,103,43.509483377687665,56.11234167381383
2022,CENTRO DE SAUDE PADRE EUSTAQUIO,21329,148,69.38909465985279,59.83643151307786
2022,CENTRO DE SAUDE PADRE JOAQUIM MAIA,18304,70,38.24300699300699,37.65570855046971
2022,CENTRO DE SAUDE PADRE TARCISIO,14401,142,98.60426359280605,93.7355754381343
2022,CENTRO DE SAUDE PADRE TIAGO,13920,115,82.61494252873564,95.25216897138867
2022,CENTRO DE SAUDE PALMEIRAS,25271,105,41.549602310949304,53.97547889161887
2022,CENTRO DE SAUDE PARAISO,24571,197,80.1758170200643,79.44700893464017
2022,CENTRO DE SAUDE PARAUNA - VENDA NOVA,18710,207,110.63602351683592,114.28164772220117
2022,CENTRO DE SAUDE PAULO VI - MARIVANDA BALEEIRO,17305,182,105.17191563132043,137.75634803250833
2022,CENTRO DE SAUDE PEDREIRA PRADO LOPES,8846,91,102.87135428442234,111.47948538439971
2022,CENTRO DE SAUDE PILAR - OLHOS DAGUA,8350,69,82.63473053892216,118.42897501682556
2022,CENTRO DE SAUDE PINDORAMA ELZA MARTINS,13030,202,155.0268610897928,150.71507153898665
2022,CENTRO DE SAUDE PIRATININGA,15521,222,143.03202113265897,162.8101744795145
2022,CENTRO DE SAUDE POMPEIA,16243,156,96.04137166779535,88.78972037534554
2022,CENTRO DE SAUDE PRIMEIRO DE MAIO,7071,114,161.22189223589308,169.38287793528514
2022,CENTRO DE SAUDE PROVIDENCIA,12255,112,91.39126886984904,91.36176791911502
2022,CENTRO DE SAUDE REGINA,11124,94,84.50197770586121,88.75258643644085
2022,CENTRO DE SAUDE RIBEIRO DE ABREU,8747,122,139.47639190579628,158.43398666725108
2022,CENTRO DE SAUDE RIO BRANCO,20118,218,108.36067203499354,112.20677074725997
2022,CENTRO DE SAUDE SAGRADA FAMILIA - MARCO ANTONIO DE MENEZES,30088,147,48.856687051316136,43.47105473454958
2022,CENTRO DE SAUDE SALGADO FILHO,20432,185,90.54424432263116,89.85762300243987
2022,CENTRO DE SAUDE SANTA AMELIA,41745,168,40.24434063959755,39.79953924069356
2022,CENTRO DE SAUDE SANTA CECILIA,11658,60,51.46680391147709,60.28664136751313
2022,CENTRO DE SAUDE SANTA CRUZ - PADRE FERNANDO DE MELLO,17030,73,42.86553141514974,42.304759186425734
2022,CENTRO DE SAUDE SANTA INES,14955,73,48.813105984620535,42.24718013773557
2022,CENTRO DE SAUDE SANTA LUCIA,10190,114,111.87438665358195,121.40801572397484
2022,CENTRO DE SAUDE SANTA MARIA,9283,48,51.70742216955726,58.253918682900895
2022,CENTRO DE SAUDE SANTA MONICA,14545,106,72.87727741491922,75.06302491783069
2022,CENTRO DE SAUDE SANTA MONICA II - ALAMEDA DOS IPES,10093,79,78.2720697513128,82.79772474835511
2022,CENTRO DE SAUDE SANTA RITA DE CASSIA,38742,141,36.394610500232304,34.47103636715138
2022,CENTRO DE SAUDE SANTA ROSA,21159,117,55.2956188855806,53.566358027840444
2022,CENTRO DE SAUDE SANTA TEREZINHA,22837,176,77.06791610106407,82.16538730327682
2022,CENTRO DE SAUDE SANTO ANTONIO,11395,195,171.12768758227293,167.47695471632883
2022,CENTRO DE SAUDE SANTOS ANJOS,14738,102,69.2088478762383,59.97862745374597
2022,CENTRO DE SAUDE SAO BERNARDO - AMELIA ROCHA DE MELO,5674,75,132.18188227000354,136.900108180188
2022,CENTRO DE SAUDE SAO CRISTOVAO,7459,147,197.0773562139697,186.67970544208677
2022,CENTRO DE SAUDE SAO FRANCISCO,3338,39,116.83642899940084,130.1879874847918
2022,CENTRO DE SAUDE SAO GABRIEL - FABIO CORREA LIMA,13981,124,88.69179600886918,90.4734940727373
2022,CENTRO DE SAUDE SAO GERALDO,9626,135,140.2451693330563,134.61233722682053
2022,CENTRO DE SAUDE SAO JORGE,42021,125,29.74703124628162,27.581796645219477
2022,CENTRO DE SAUDE SAO JOSE,8079,77,95.30882534967198,94.26264521676755
2022,CENTRO DE SAUDE SAO JOSE OPERARIO,8324,96,115.32916866890918,109.11329652707931
2022,CENTRO DE SAUDE SAO MARCOS,10419,88,84.46108071791919,90.92778510823882
2022,CENTRO DE SAUDE SAO MIGUEL ARCANJO,9788,193,197.18022067838172,260.50072923462744
2022,CENTRO DE SAUDE SAO PAULO,11885,185,155.65839293226756,155.6925937002244
2022,CENTRO DE SAUDE SAO TOMAZ,9870,92,93.21175278622087,85.9995945756821
2022,CENTRO DE SAUDE SERRA VERDE,13936,158,113.37543053960964,121.12883102358593
2022,CENTRO DE SAUDE SERRANO,26330,149,56.589441701481206,52.538454251506934
2022,CENTRO DE SAUDE TAQUARIL,14496,167,115.20419426048565,134.7827982376787
2022,CENTRO DE SAUDE TIA AMANCIA,17571,51,29.025098173126175,24.21403043067381
2022,CENTRO DE SAUDE TIROL - FRANCISCO GOMES BARBOSA,14428,120,83.17161075686165,82.79027087316489
2022,CENTRO DE SAUDE TREVO,14479,113,78.04406381656192,95.58947747881851
2022,CENTRO DE SAUDE TUPI,8433,56,66.4057867899917,67.7618802267635
2022,CENTRO DE SAUDE URUCUIA,17046,151,88.58383198404319,104.53194084712884
2022,CENTRO DE SAUDE VALE DO JATOBA,15412,139,90.1894627562938,95.94745375588937
2022,CENTRO DE SAUDE VENTOSA,22105,214,96.81067631757521,101.37287591829627
2022,CENTRO DE SAUDE VERA CRUZ,13712,210,153.15052508751458,149.45940533489866
2022,CENTRO DE SAUDE VILA CEMIG,7713,119,154.28497342149618,213.28628463633527
2022,CENTRO DE SAUDE VILA IMPERIAL,7567,85,112.32985331042686,115.87463321022382
2022,CENTRO DE SAUDE VILA LEONINA,23767,139,58.48445323347499,72.24860550464025
2022,CENTRO DE SAUDE VILA MARIA,12287,130,105.80288109383902,134.84323675026425
2022,CENTRO DE SAUDE VILA PINHO,16371,95,58.02944230651762,74.26578357079211
2022,CENTRO DE SAUDE VILAS REUNIDAS - LEOPOLDO CRISOSTOMO DE CASTRO,27284,111,40.683184283829355,35.84576729069682
2022,CENTRO DE SAUDE VISTA ALEGRE,11734,187,159.36594511675474,164.42178566572085
2022,CENTRO DE SAUDE WALDOMIRO LOBO,5897,85,144.14108868916398,158.10167409754226
2022,CENTRO DE SAUDE ZILAH SPOSITO,11377,56,49.22211479300343,71.90557769198377
2023,CENTRO DE SAUDE AARAO REIS,11650,95,81.54506437768241,84.98607895475254
2023,CENTRO DE SAUDE ALCIDES LINS,16809,142,84.47855315604735,78.2438313796441
2023,CENTRO DE SAUDE ALTO VERA CRUZ,11675,140,119.91434689507496,133.56520514858957
2023,CENTRO DE SAUDE AMILCAR VIANA MARTINS,12697,124,97.6608647712058,99.62395003288482
2023,CENTRO DE SAUDE ANDRADAS,18073,200,110.66231394898467,118.14915682725673
2023,CENTRO DE SAUDE BAIRRO DAS INDUSTRIAS - CENTRO DE SAUDE DR. JOSE DOMINGOS,13836,197,142.3821913847933,141.92134039783562
2023,CENTRO DE SAUDE BARREIRO - CARLOS RENATO DIAS,19294,160,82.92733492277392,76.7540829051119
2023,CENTRO DE SAUDE BARREIRO DE CIMA,17070,238,139.42589338019917,146.77332645506465
2023,CENTRO DE SAUDE BETANIA,10839,101,93.18202786234893,97.41046521864831
2023,CENTRO DE SAUDE BOA VISTA,10081,117,116.05991469100287,113.99670709339827
2023,CENTRO DE SAUDE BOM JESUS,9944,128,128.72083668543846,113.77347898099993
2023,CENTRO DE SAUDE BONSUCESSO,12486,219,175.3964440172994,227.17653051976717
2023,CENTRO DE SAUDE CABANA,16580,263,158.6248492159228,161.37443724445282
2023,CENTRO DE SAUDE CACHOEIRINHA,13773,155,112.53902562985552,102.26137975889264
2023,CENTRO DE SAUDE CAFEZAL,9511,108,113.55272841972453,156.06185825304203
2023,CENTRO DE SAUDE CALIFORNIA,15827,122,77.08346496493334,81.275219339655
2023,CENTRO DE SAUDE CAMARGOS,13238,60,45.324067079619276,58.14865603536433
2023,CENTRO DE SAUDE CAMPO ALEGRE,18047,190,105.2806560647199,106.31217167050158
2023,CENTRO DE SAUDE CAPITAO EDUARDO,4549,48,105.51769619696637,123.76008954332352
2023,CENTRO DE SAUDE CARLOS CHAGAS,22988,365,158.7784931268488,196.11670738133296
2023,CENTRO DE SAUDE CARLOS PRATES,28247,261,92.3991928346373,76.39723966472313
2023,CENTRO DE SAUDE CEU AZUL,18181,204,112.20504922721521,115.87803985795493
2023,CENTRO DE SAUDE CICERO IDELFONSO,10507,186,177.02484058246884,192.2143622917183
2023,CENTRO DE SAUDE CIDADE OZANAN,24513,136,55.480765308203814,48.91854975221833
2023,CENTRO DE SAUDE CONFISCO,11498,94,81.75334840841884,90.02385213786283
2023,CENTRO DE SAUDE CONJUNTO BETANIA,8413,82,97.46820397004636,91.0446515920419
2023,CENTRO DE SAUDE CONJUNTO PAULO VI,8636,88,101.89902732746641,141.62754846903766
2023,CENTRO DE SAUDE CONJUNTO RIBEIRO DE ABREU - EFIGENIA MURTA FIGUEIREDO,7742,86,111.08240764660296,120.58003378094426
2023,CENTRO DE SAUDE CONJUNTO SANTA MARIA,17490,34,19.439679817038307,18.257884434883945
2023,CENTRO DE SAUDE COPACABANA,14176,137,96.64221218961626,108.49645529457206
2023,CENTRO DE SAUDE COQUEIROS,15630,191,122.20089571337172,117.40848562619912
2023,CENTRO DE SAUDE DIAMANTE - TEIXEIRA DIAS,14608,143,97.89156626506025,101.34273347185092
2023,CENTRO DE SAUDE DOM BOSCO,12206,126,103.22792069474029,91.49971890905583
2023,CENTRO DE SAUDE DOM CABRAL,12520,106,84.66453674121405,82.96053733235712
2023,CENTRO DE SAUDE DOM JOAQUIM,6987,42,60.111635895234,59.70862840044099
2023,CENTRO DE SAUDE DOM ORIONE,15914,96,60.32424280507729,59.32373766929529
2023,CENTRO DE SAUDE ERMELINDA,17365,223,128.41923409156348,129.67688783134747
2023,CENTRO DE SAUDE ETELVINA CARNEIRO,15056,208,138.1509032943677,171.8360546300376
2023,CENTRO DE SAUDE FELICIDADE II,7474,89,119.07947551511907,133.25068683982937
2023,CENTRO DE SAUDE FLORAMAR,8042,91,113.15593136035811,111.98329201273856
2023,CENTRO DE SAUDE GENTIL GOMES,12821,155,120.89540597457297,112.0761911960324
2023,CENTRO DE SAUDE GLORIA,9529,111,116.48651484940707,107.29986654010675
2023,CENTRO DE SAUDE GOIANIA,18681,234,125.26096033402924,136.21871759843845
2023,CENTRO DE SAUDE GRANJA DE FREITAS,6941,117,168.56360754934448,233.32058120166147
2023,CENTRO DE SAUDE GUARANI,8192,100,122.0703125,113.6459991107763
2023,CENTRO DE SAUDE HAVAI,30092,108,35.88993752492357,42.81735781075161
2023,CENTRO DE SAUDE HELIOPOLIS,16276,158,97.07544851314819,109.18329013184263
2023,CENTRO DE SAUDE HORTO,37854,238,62.87314418555502,55.56241986001825
2023,CENTRO DE SAUDE INDEPENDENCIA,15447,171,110.7011070110701,126.78569907293486
2023,CENTRO DE SAUDE ITAIPU - JATOBA,14588,116,79.51741157115437,96.76267567664628
2023,CENTRO DE SAUDE ITAMARATI,15499,63,40.64778372798245,41.64697329289982
2023,CENTRO DE SAUDE JAQUELINE,7616,54,70.90336134453781,86.60444300108541
2023,CENTRO DE SAUDE JAQUELINE II,9543,111,116.31562401760453,131.41069569562868
2023,CENTRO DE SAUDE JARDIM ALVORADA,10739,139,129.43477046279915,140.44872331102434
2023,CENTRO DE SAUDE JARDIM DOS COMERCIARIOS,10982,218,198.50664724093974,219.46369909235523
2023,CENTRO DE SAUDE JARDIM EUROPA,13444,229,170.3362094614698,164.90370960366903
2023,CENTRO DE SAUDE JARDIM FELICIDADE,9889,121,122.35817575083426,139.03672962060148
2023,CENTRO DE SAUDE JARDIM FILADELFIA,9852,128,129.92285830288267,127.72077258102019
2023,CENTRO DE SAUDE JARDIM GUANABARA,15137,138,91.16733831010109,96.87443568184534
2023,CENTRO DE SAUDE JARDIM LEBLON,13482,179,132.76961875092715,159.51078130223738
2023,CENTRO DE SAUDE JARDIM MONTANHES,24441,122,49.916124544822225,44.603718298260034
2023,CENTRO DE SAUDE JARDIM VITÓRIA - MARCELO PONTEL GOMES,12263,97,79.09973089782272,118.68709199399468
2023,CENTRO DE SAUDE JOAO PINHEIRO,10987,106,96.47765541094019,88.40349111742631
2023,CENTRO DE SAUDE JOAO VITAL,6467,37,57.213545693520956,84.40843220179319
2023,CENTRO DE SAUDE JOAO XXIII,3480,19,54.59770114942528,59.32606085441421
2023,CENTRO DE SAUDE LAGOA,12737,172,135.0396482688231,147.09001629153542
2023,CENTRO DE SAUDE LAJEDO,14297,163,114.00993215359865,121.8960433487788
2023,CENTRO DE SAUDE LINDEIA - MARIA MADALENA TEODORO,11083,187,168.72687900387982,166.72669126702667
2023,CENTRO DE SAUDE LISANDRA ANGELICA DAVID JUSTINO - TUNEL DE IBIRITE,9052,84,92.79717189571366,96.5760692140308
2023,CENTRO DE SAUDE MANGUEIRAS,14150,161,113.78091872791519,163.2687447258761
2023,CENTRO DE SAUDE MANTIQUEIRA,15039,242,160.91495445175877,168.1315571511684
2023,CENTRO DE SAUDE MARIA GORETTI,14439,157,108.73329177920908,108.98449392660687
2023,CENTRO DE SAUDE MARIANO DE ABREU,13635,142,104.14374770810414,110.3353784146578
2023,CENTRO DE SAUDE MENINO JESUS,47301,91,19.2384939007632,16.33869868568016
2023,CENTRO DE SAUDE MG-20,7595,132,173.798551678736,199.15730892522737
2023,CENTRO DE SAUDE MILIONARIOS,16929,246,145.31277689172427,151.25912268775966
2023,CENTRO DE SAUDE MINAS CAIXA,15826,249,157.33602931884244,165.63696756343188
2023,CENTRO DE SAUDE MIRAMAR - EDUARDO MAURO DE ARAUJO,17545,146,83.21459105158165,84.02969364717981
2023,CENTRO DE SAUDE NAZARE,14132,221,156.38267761109537,180.13737608786377
2023,CENTRO DE SAUDE NORALDINO DE LIMA,35941,183,50.91678027879024,44.20837949081453
2023,CENTRO DE SAUDE NOSSA SENHORA APARECIDA,21952,147,66.96428571428571,64.23571498534277
2023,CENTRO DE SAUDE NOSSA SENHORA DE FATIMA,36036,143,39.682539682539684,37.495825204447286
2023,CENTRO DE SAUDE NOVA YORK,11182,199,177.964585941692,197.1435224270974
2023,CENTRO DE SAUDE NOVO AARAO REIS,7517,162,215.5115072502328,265.47082773861734
2023,CENTRO DE SAUDE NOVO HORIZONTE,9531,139,145.8398908823838,187.79256691752522
2023,CENTRO DE SAUDE OLAVO ALBINO CORREA,12415,173,139.34756343133307,171.12251197418232
2023,CENTRO DE SAUDE OSWALDO CRUZ,23423,94,40.13149468471161,36.077132219529766
2023,CENTRO DE SAUDE OURO PRETO,23673,93,39.28526169053352,50.118495944418356
2023,CENTRO DE SAUDE PADRE EUSTAQUIO,21329,135,63.29410661540626,55.45450209589689
2023,CENTRO DE SAUDE PADRE JOAQUIM MAIA,18304,82,44.79895104895105,44.270790439979294
2023,CENTRO DE SAUDE PADRE TARCISIO,14401,107,74.30039580584682,70.00000287697105
2023,CENTRO DE SAUDE PADRE TIAGO,13920,127,91.23563218390805,110.85818792036083
2023,CENTRO DE SAUDE PALMEIRAS,25271,97,38.38391832535317,51.44488179403605
2023,CENTRO DE SAUDE PARAISO,24571,202,82.21073623377153,80.20588439782603
2023,CENTRO DE SAUDE PARAUNA - VENDA NOVA,18710,219,117.04970603955105,121.10525283959123
2023,CENTRO DE SAUDE PAULO VI - MARIVANDA BALEEIRO,17305,166,95.9260329384571,118.97997601135192
2023,CENTRO DE SAUDE PEDREIRA PRADO LOPES,8846,102,115.30635315396789,117.811327134927
2023,CENTRO DE SAUDE PILAR - OLHOS DAGUA,8350,69,82.63473053892216,116.11544132078583
2023,CENTRO DE SAUDE PINDORAMA ELZA MARTINS,13030,184,141.21258633921718,137.29013009487778
2023,CENTRO DE SAUDE PIRATININGA,15521,253,163.0049610205528,178.84915780102014
2023,CENTRO DE SAUDE POMPEIA,16243,182,112.04826694576126,101.03277375316792
2023,CENTRO DE SAUDE PRIMEIRO DE MAIO,7071,143,202.23447885730448,208.01627842742798
2023,CENTRO DE SAUDE PROVIDENCIA,12255,112,91.39126886984904,92.06830302635588
2023,CENTRO DE SAUDE REGINA,11124,113,101.58216468896082,105.23226944328755
2023,CENTRO DE SAUDE RIBEIRO DE ABREU,8747,129,147.4791357036698,170.08286020567726
2023,CENTRO DE SAUDE RIO BRANCO,20118,224,111.34307585247043,115.65855101043684
2023,CENTRO DE SAUDE SAGRADA FAMILIA - MARCO ANTONIO DE MENEZES,30088,204,67.80111672427546,60.00483309427042
2023,CENTRO DE SAUDE SALGADO FILHO,20432,188,92.01252936570086,90.74844981828917
2023,CENTRO DE SAUDE SANTA AMELIA,41745,181,43.358486046233075,43.1905248315432
2023,CENTRO DE SAUDE SANTA CECILIA,11658,64,54.897924172242234,66.63300991088789
2023,CENTRO DE SAUDE SANTA CRUZ - PADRE FERNANDO DE MELLO,17030,89,52.26071638285379,52.44103428191633
2023,CENTRO DE SAUDE SANTA INES,14955,102,68.20461384152458,59.005413538344975
2023,CENTRO DE SAUDE SANTA LUCIA,10190,136,133.46418056918546,143.80933539086945
2023,CENTRO DE SAUDE SANTA MARIA,9283,74,79.71560917806742,90.01126452447565
2023,CENTRO DE SAUDE SANTA MONICA,14545,117,80.44001375042971,82.50472270592424
2023,CENTRO DE SAUDE SANTA MONICA II - ALAMEDA DOS IPES,10093,105,104.03249777073219,112.31339108756029
2023,CENTRO DE SAUDE SANTA RITA DE CASSIA,38742,100,25.811780496618656,24.40578710050123
2023,CENTRO DE SAUDE SANTA ROSA,21159,110,51.98733399499031,50.59261929480883
2023,CENTRO DE SAUDE SANTA TEREZINHA,22837,180,78.81945964881552,85.22308212917284
2023,CENTRO DE SAUDE SANTO ANTONIO,11395,165,144.800351031154,142.98949236455627
2023,CENTRO DE SAUDE SANTOS ANJOS,14738,141,95.67105441715294,88.09559512986841
2023,CENTRO DE SAUDE SAO BERNARDO - AMELIA ROCHA DE MELO,5674,50,88.121254846669,90.5416189096526
2023,CENTRO DE SAUDE SAO CRISTOVAO,7459,203,272.154444295482,260.7839418236415
2023,CENTRO DE SAUDE SAO FRANCISCO,3338,44,131.8154583582984,142.33099659088506
2023,CENTRO DE SAUDE SAO GABRIEL - FABIO CORREA LIMA,13981,147,105.14269365567557,106.76277435858938
2023,CENTRO DE SAUDE SAO GERALDO,9626,128,132.9731975898608,120.77191882117663
2023,CENTRO DE SAUDE SAO JORGE,42021,136,32.364769995954404,30.015829715092547
2023,CENTRO DE SAUDE SAO JOSE,8079,67,82.93105582374055,83.60860072991505
2023,CENTRO DE SAUDE SAO JOSE OPERARIO,8324,120,144.16146083613646,130.7308926808958
2023,CENTRO DE SAUDE SAO MARCOS,10419,73,70.0643055955466,72.9090274074375
2023,CENTRO DE SAUDE SAO MIGUEL ARCANJO,9788,195,199.22353902738047,275.40989877358436
2023,CENTRO DE SAUDE SAO PAULO,11885,191,160.70677324358434,160.67397062310812
2023,CENTRO DE SAUDE SAO TOMAZ,9870,104,105.36980749746706,99.78926656818822
2023,CENTRO DE SAUDE SERRA VERDE,13936,178,127.72675086107922,136.9348445028471
2023,CENTRO DE SAUDE SERRANO,26330,137,52.03190277250285,48.824599292583656
2023,CENTRO DE SAUDE TAQUARIL,14496,160,110.37527593818986,139.15545211650593
2023,CENTRO DE SAUDE TIA AMANCIA,17571,44,25.0412611689716,21.020156489470676
2023,CENTRO DE SAUDE TIROL - FRANCISCO GOMES BARBOSA,14428,116,80.39922373163293,79.29363084127213
2023,CENTRO DE SAUDE TREVO,14479,143,98.7637267767111,118.36648136323794
2023,CENTRO DE SAUDE TUPI,8433,47,55.733428198743034,55.98811576010998
2023,CENTRO DE SAUDE URUCUIA,17046,156,91.51707145371348,112.09376471919003
2023,CENTRO DE SAUDE VALE DO JATOBA,15412,110,71.37295613807423,78.10148855351984
2023,CENTRO DE SAUDE VENTOSA,22105,207,93.64397195204705,97.53065394434049
2023,CENTRO DE SAUDE VERA CRUZ,13712,214,156.06767794632438,152.57760679600366
2023,CENTRO DE SAUDE VILA CEMIG,7713,145,187.99429534552056,262.7324562763822
2023,CENTRO DE SAUDE VILA IMPERIAL,7567,96,126.86665785648209,131.21926079908337
2023,CENTRO DE SAUDE VILA LEONINA,23767,158,66.47873101359028,76.00929071123628
2023,CENTRO DE SAUDE VILA MARIA,12287,121,98.47806624888094,117.23959608185827
2023,CENTRO DE SAUDE VILA PINHO,16371,107,65.359477124183,80.27301699065976
2023,CENTRO DE SAUDE VILAS REUNIDAS - LEOPOLDO CRISOSTOMO DE CASTRO,27284,136,49.846063627034155,42.69713921713731
2023,CENTRO DE SAUDE VISTA ALEGRE,11734,150,127.83364581557866,133.24764932477947
2023,CENTRO DE SAUDE WALDOMIRO LOBO,5897,81,137.35797863320332,155.61409175207345
2023,CENTRO DE SAUDE ZILAH SPOSITO,11377,62,54.49591280653951,86.21982921263836
2024,CENTRO DE SAUDE AARAO REIS,11650,145,124.46351931330473,131.62386317024632
2024,CENTRO DE SAUDE ALCIDES LINS,16809,189,112.4397644119222,103.94670252050005
2024,CENTRO DE SAUDE ALTO VERA CRUZ,11675,189,161.88436830835116,181.95466320224003
2024,CENTRO DE SAUDE AMILCAR VIANA MARTINS,12697,141,111.04985429629045,113.7569730247458
2024,CENTRO DE SAUDE ANDRADAS,18073,256,141.64776185470038,150.17823126084372
2024,CENTRO DE SAUDE BAIRRO DAS INDUSTRIAS - CENTRO DE SAUDE DR. JOSE DOMINGOS,13836,238,172.01503324660305,171.90667965649328
2024,CENTRO DE SAUDE BARREIRO - CARLOS RENATO DIAS,19294,241,124.90929822742821,114.88494822767599
2024,CENTRO DE SAUDE BARREIRO DE CIMA,17070,322,188.6350322202695,202.45036827418966
2024,CENTRO DE SAUDE BETANIA,10839,101,93.18202786234893,99.56201615999224
2024,CENTRO DE SAUDE BOA VISTA,10081,165,163.67423866679894,160.17148237279446
2024,CENTRO DE SAUDE BOM JESUS,9944,152,152.85599356395815,140.43860369825813
2024,CENTRO DE SAUDE BONSUCESSO,12486,297,237.8664103796252,316.8944024320487
2024,CENTRO DE SAUDE CABANA,16580,251,151.3872135102533,154.5151476457265
2024,CENTRO DE SAUDE CACHOEIRINHA,13773,175,127.06019022725623,110.58614876516928
2024,CENTRO DE SAUDE CAFEZAL,9511,171,179.79181999789716,241.13274907901155
2024,CENTRO DE SAUDE CALIFORNIA,15827,150,94.77475200606558,98.53435350049679
2024,CENTRO DE SAUDE CAMARGOS,13238,71,53.63347937754948,62.84508804629691
2024,CENTRO DE SAUDE CAMPO ALEGRE,18047,217,120.24159140023272,120.84384649758529
2024,CENTRO DE SAUDE CAPITAO EDUARDO,4549,98,215.43196306880634,246.2026045200266
2024,CENTRO DE SAUDE CARLOS CHAGAS,22988,509,221.41987123716723,239.12431741651594
2024,CENTRO DE SAUDE CARLOS PRATES,28247,276,97.70949127340957,85.86568983672937
2024,CENTRO DE SAUDE CEU AZUL,18181,233,128.15576700951542,133.09667814209746
2024,CENTRO DE SAUDE CICERO IDELFONSO,10507,224,213.19120586275815,234.49669145567086
2024,CENTRO DE SAUDE CIDADE OZANAN,24513,156,63.63970138293966,57.88983626456775
2024,CENTRO DE SAUDE CONFISCO,11498,104,90.45051313271874,100.62582058915025
2024,CENTRO DE SAUDE CONJUNTO BETANIA,8413,94,111.73184357541899,105.09003682065222
2024,CENTRO DE SAUDE CONJUNTO PAULO VI,8636,116,134.32144511347846,200.80554648039757
2024,CENTRO DE SAUDE CONJUNTO RIBEIRO DE ABREU - EFIGENIA MURTA FIGUEIREDO,7742,87,112.37406354947042,122.03057643176368
2024,CENTRO DE SAUDE CONJUNTO SANTA MARIA,17490,49,28.01600914808462,26.376065063786086
2024,CENTRO DE SAUDE COPACABANA,14176,190,134.0293453724605,150.43446432681088
2024,CENTRO DE SAUDE COQUEIROS,15630,208,133.07741522712732,127.61954781736571
2024,CENTRO DE SAUDE DIAMANTE - TEIXEIRA DIAS,14608,197,134.85761226725083,140.13735104518227
2024,CENTRO DE SAUDE DOM BOSCO,12206,162,132.72161232180895,120.30257771887466
2024,CENTRO DE SAUDE DOM CABRAL,12520,121,96.64536741214057,97.27297633347693
2024,CENTRO DE SAUDE DOM JOAQUIM,6987,56,80.148847860312,83.07322913252418
2024,CENTRO DE SAUDE DOM ORIONE,15914,90,56.55397762975996,52.13392401372846
2024,CENTRO DE SAUDE ERMELINDA,17365,216,124.38813705729918,125.71420485133659
2024,CENTRO DE SAUDE ETELVINA CARNEIRO,15056,219,145.4569606801275,187.6499683108537
2024,CENTRO DE SAUDE FELICIDADE II,7474,108,144.5009365801445,166.59256350036333
2024,CENTRO DE SAUDE FLORAMAR,8042,109,135.5384232777916,131.93667978476017
2024,CENTRO DE SAUDE GENTIL GOMES,12821,170,132.59496139146714,122.11694663864425
2024,CENTRO DE SAUDE GLORIA,9529,161,168.9579179347256,151.38555708149536
2024,CENTRO DE SAUDE GOIANIA,18681,303,162.19688453508914,179.31816017732586
2024,CENTRO DE SAUDE GRANJA DE FREITAS,6941,151,217.5479037602651,280.323043208709
2024,CENTRO DE SAUDE GUARANI,8192,116,141.6015625,134.32677598338768
2024,CENTRO DE SAUDE HAVAI,30092,126,41.87159377907749,48.44458904023523
2024,CENTRO DE SAUDE HELIOPOLIS,16276,188,115.507495699189,128.30348438376618
2024,CENTRO DE SAUDE HORTO,37854,281,74.2325777989116,66.4341575459558
2024,CENTRO DE SAUDE INDEPENDENCIA,15447,219,141.77510196154594,162.33124810530862
2024,CENTRO DE SAUDE ITAIPU - JATOBA,14588,179,122.70359199341925,142.3519638042752
2024,CENTRO DE SAUDE ITAMARATI,15499,64,41.29298664429963,42.470839094938
2024,CENTRO DE SAUDE JAQUELINE,7616,98,128.67647058823528,152.0689969553153
2024,CENTRO DE SAUDE JAQUELINE II,9543,156,163.4706067274442,191.529353135758
2024,CENTRO DE SAUDE JARDIM ALVORADA,10739,194,180.64996740851103,193.29792388936102
2024,CENTRO DE SAUDE JARDIM DOS COMERCIARIOS,10982,259,235.84046621744673,255.17955243432604
2024,CENTRO DE SAUDE JARDIM EUROPA,13444,269,200.0892591490628,193.85010782022675
2024,CENTRO DE SAUDE JARDIM FELICIDADE,9889,163,164.82960865608254,184.34144170452367
2024,CENTRO DE SAUDE JARDIM FILADELFIA,9852,180,182.70401948842874,178.8014875350199
2024,CENTRO DE SAUDE JARDIM GUANABARA,15137,202,133.4478430336262,142.02747188365694
2024,CENTRO DE SAUDE JARDIM LEBLON,13482,190,140.9286456015428,172.44705784134277
2024,CENTRO DE SAUDE JARDIM MONTANHES,24441,184,75.28333537907614,70.02252904079845
2024,CENTRO DE SAUDE JARDIM VITÓRIA - MARCELO PONTEL GOMES,12263,113,92.14710919024708,133.32009633927638
2024,CENTRO DE SAUDE JOAO PINHEIRO,10987,112,101.93865477382361,96.90630980328241
2024,CENTRO DE SAUDE JOAO VITAL,6467,62,95.87134683779186,124.34309142468864
2024,CENTRO DE SAUDE JOAO XXIII,3480,35,100.57471264367815,112.42176428747564
2024,CENTRO DE SAUDE LAGOA,12737,183,143.67590484415484,151.00071592852018
2024,CENTRO DE SAUDE LAJEDO,14297,226,158.0751206546828,176.44962301981616
2024,CENTRO DE SAUDE LINDEIA - MARIA MADALENA TEODORO,11083,248,223.76612830461065,219.2494133420033
2024,CENTRO DE SAUDE LISANDRA ANGELICA DAVID JUSTINO - TUNEL DE IBIRITE,9052,140,154.66195315952274,161.4003894637797
2024,CENTRO DE SAUDE MANGUEIRAS,14150,218,154.06360424028267,210.1847526452433
2024,CENTRO DE SAUDE MANTIQUEIRA,15039,312,207.46060243367248,217.54217191267173
2024,CENTRO DE SAUDE MARIA GORETTI,14439,232,160.67594708774845,163.02622863302412
2024,CENTRO DE SAUDE MARIANO DE ABREU,13635,186,136.41364136413642,140.78096192079536
2024,CENTRO DE SAUDE MENINO JESUS,47301,112,23.67814633940086,21.065645665614632
2024,CENTRO DE SAUDE MG-20,7595,137,180.38183015141541,223.84899129352985
2024,CENTRO DE SAUDE MILIONARIOS,16929,254,150.03839565243075,155.67280814895028
2024,CENTRO DE SAUDE MINAS CAIXA,15826,300,189.56148110703904,201.47624898407318
2024,CENTRO DE SAUDE MIRAMAR - EDUARDO MAURO DE ARAUJO,17545,233,132.80136791108578,133.956581168992
2024,CENTRO DE SAUDE NAZARE,14132,269,190.3481460515143,214.86587842064864
2024,CENTRO DE SAUDE NORALDINO DE LIMA,35941,228,63.43730001947636,58.49560861590983
2024,CENTRO DE SAUDE NOSSA SENHORA APARECIDA,21952,214,97.48542274052478,93.75889380467353
2024,CENTRO DE SAUDE NOSSA SENHORA DE FATIMA,36036,192,53.28005328005328,49.82692544772606
2024,CENTRO DE SAUDE NOVA YORK,11182,243,217.313539617242,242.62413935889745
2024,CENTRO DE SAUDE NOVO AARAO REIS,7517,171,227.48436876413464,270.5368854017821
2024,CENTRO DE SAUDE NOVO HORIZONTE,9531,189,198.30028328611897,282.3071427989037
2024,CENTRO DE SAUDE OLAVO ALBINO CORREA,12415,216,173.98308497784936,211.9612938119499
2024,CENTRO DE SAUDE OSWALDO CRUZ,23423,151,64.4665499722495,59.23122668569592
2024,CENTRO DE SAUDE OURO PRETO,23673,120,50.6906602458497,71.00723366138705
2024,CENTRO DE SAUDE PADRE EUSTAQUIO,21329,167,78.29715410942849,71.48564894268036
2024,CENTRO DE SAUDE PADRE JOAQUIM MAIA,18304,91,49.71590909090909,49.8423782165143
2024,CENTRO DE SAUDE PADRE TARCISIO,14401,153,106.2426220401361,99.14762085344361
2024,CENTRO DE SAUDE PADRE TIAGO,13920,150,107.75862068965517,123.14040359067954
2024,CENTRO DE SAUDE PALMEIRAS,25271,147,58.169443235329034,76.60322980016119
2024,CENTRO DE SAUDE PARAISO,24571,262,106.62976679825812,101.89197351042404
2024,CENTRO DE SAUDE PARAUNA - VENDA NOVA,18710,283,151.25601282736505,157.0371033747666
2024,CENTRO DE SAUDE PAULO VI - MARIVANDA BALEEIRO,17305,282,162.95868246171625,209.5870536296319
2024,CENTRO DE SAUDE PEDREIRA PRADO LOPES,8846,130,146.95907754917476,153.02727061684993
2024,CENTRO DE SAUDE PILAR - OLHOS DAGUA,8350,82,98.20359281437126,124.78799598531211
2024,CENTRO DE SAUDE PINDORAMA ELZA MARTINS,13030,243,186.49270913277053,181.37982061699824
2024,CENTRO DE SAUDE PIRATININGA,15521,291,187.48791959280976,214.01698046936335
2024,CENTRO DE SAUDE POMPEIA,16243,220,135.44296004432678,122.85945060925539
2024,CENTRO DE SAUDE PRIMEIRO DE MAIO,7071,154,217.79097723094327,222.65774661084006
2024,CENTRO DE SAUDE PROVIDENCIA,12255,131,106.89514483884129,107.02959363268752
2024,CENTRO DE SAUDE REGINA,11124,190,170.80186983099605,178.69901930769623
2024,CENTRO DE SAUDE RIBEIRO DE ABREU,8747,182,208.07133874471248,248.91683139841197
2024,CENTRO DE SAUDE RIO BRANCO,20118,305,151.60552738840838,156.880629657798
2024,CENTRO DE SAUDE SAGRADA FAMILIA - MARCO ANTONIO DE MENEZES,30088,237,78.76894442967296,71.3000451043689
2024,CENTRO DE SAUDE SALGADO FILHO,20432,241,117.95223179326547,116.30148884923368
2024,CENTRO DE SAUDE SANTA AMELIA,41745,244,58.45011378608216,58.34925856673914
2024,CENTRO DE SAUDE SANTA CECILIA,11658,77,66.04906501972894,77.89984934438786
2024,CENTRO DE SAUDE SANTA CRUZ - PADRE FERNANDO DE MELLO,17030,109,64.00469759248385,64.03774025042622
2024,CENTRO DE SAUDE SANTA INES,14955,145,96.95753928452024,81.57630174495837
2024,CENTRO DE SAUDE SANTA LUCIA,10190,176,172.71835132482826,180.47173526823585
2024,CENTRO DE SAUDE SANTA MARIA,9283,94,101.26036841538296,112.67263190661305
2024,CENTRO DE SAUDE SANTA MONICA,14545,135,92.81540048126504,95.16407878790577
2024,CENTRO DE SAUDE SANTA MONICA II - ALAMEDA DOS IPES,10093,143,141.68235410680668,152.04629691859745
2024,CENTRO DE SAUDE SANTA RITA DE CASSIA,38742,171,44.13814464921791,40.964305718569406
2024,CENTRO DE SAUDE SANTA ROSA,21159,124,58.603903776170895,57.68151075602153
2024,CENTRO DE SAUDE SANTA TEREZINHA,22837,219,95.89700923939222,102.24708717483516
2024,CENTRO DE SAUDE SANTO ANTONIO,11395,232,203.59806932865294,203.34491922865064
2024,CENTRO DE SAUDE SANTOS ANJOS,14738,201,136.38214140317547,125.55101936347837
2024,CENTRO DE SAUDE SAO BERNARDO - AMELIA ROCHA DE MELO,5674,110,193.86676066267185,200.67432842356519
2024,CENTRO DE SAUDE SAO CRISTOVAO,7459,221,296.2863654645395,283.93159015856344
2024,CENTRO DE SAUDE SAO FRANCISCO,3338,57,170.760934691432,185.9174940676825
2024,CENTRO DE SAUDE SAO GABRIEL - FABIO CORREA LIMA,13981,169,120.87833488305559,122.31154389290982
2024,CENTRO DE SAUDE SAO GERALDO,9626,169,175.56617494286306,159.4355766969789
2024,CENTRO DE SAUDE SAO JORGE,42021,155,36.88631874538921,33.731669815846885
2024,CENTRO DE SAUDE SAO JOSE,8079,101,125.01547221190741,126.6665465308251
2024,CENTRO DE SAUDE SAO JOSE OPERARIO,8324,150,180.2018260451706,167.32058681979584
2024,CENTRO DE SAUDE SAO MARCOS,10419,136,130.53076110951147,140.4032805212627
2024,CENTRO DE SAUDE SAO MIGUEL ARCANJO,9788,234,239.06824683285657,330.48639753170556
2024,CENTRO DE SAUDE SAO PAULO,11885,204,171.64493058477072,171.18670543360497
2024,CENTRO DE SAUDE SAO TOMAZ,9870,149,150.96251266464034,141.67757713256458
2024,CENTRO DE SAUDE SERRA VERDE,13936,197,141.36050516647532,150.81911930484569
2024,CENTRO DE SAUDE SERRANO,26330,195,74.06000759589821,69.21164463025477
2024,CENTRO DE SAUDE TAQUARIL,14496,213,146.93708609271525,178.60360998570914
2024,CENTRO DE SAUDE TIA AMANCIA,17571,58,33.00893517728075,31.648974737016058
2024,CENTRO DE SAUDE TIROL - FRANCISCO GOMES BARBOSA,14428,162,112.28167452176324,110.77838292536764
2024,CENTRO DE SAUDE TREVO,14479,172,118.7927343048553,140.87216815418068
2024,CENTRO DE SAUDE TUPI,8433,87,103.1661330487371,106.61854696150169
2024,CENTRO DE SAUDE URUCUIA,17046,186,109.11650827173531,132.5413620359748
2024,CENTRO DE SAUDE VALE DO JATOBA,15412,167,108.35712431871269,116.4015265680874
2024,CENTRO DE SAUDE VENTOSA,22105,248,112.19181180728341,117.26561029437724
2024,CENTRO DE SAUDE VERA CRUZ,13712,284,207.11785297549594,201.62672546722152
2024,CENTRO DE SAUDE VILA CEMIG,7713,158,204.84895630753272,247.95115766634189
2024,CENTRO DE SAUDE VILA IMPERIAL,7567,95,125.54513017047707,129.7455794719277
2024,CENTRO DE SAUDE VILA LEONINA,23767,185,77.83902049059621,89.83211468662869
2024,CENTRO DE SAUDE VILA MARIA,12287,144,117.19703751932937,145.52761264330616
2024,CENTRO DE SAUDE VILA PINHO,16371,121,73.91118441145929,99.46917182849384
2024,CENTRO DE SAUDE VILAS REUNIDAS - LEOPOLDO CRISOSTOMO DE CASTRO,27284,173,63.40712505497728,56.76588879225873
2024,CENTRO DE SAUDE VISTA ALEGRE,11734,218,185.78489858530764,193.64882753744777
2024,CENTRO DE SAUDE WALDOMIRO LOBO,5897,121,205.1890791928099,225.43051110007613
2024,CENTRO DE SAUDE ZILAH SPOSITO,11377,95,83.50180188098795,118.9722767576651
2025,CENTRO DE SAUDE AARAO REIS,11650,112,96.13733905579399,99.50405509406653
2025,CENTRO DE SAUDE ALCIDES LINS,16809,137,81.50395621393301,74.18019424643605
2025,CENTRO DE SAUDE ALTO VERA CRUZ,11675,140,119.91434689507496,139.01303260872984
2025,CENTRO DE SAUDE AMILCAR VIANA MARTINS,12697,114,89.78498857997951,92.9125205375935
2025,CENTRO DE SAUDE ANDRADAS,18073,249,137.77458086648593,148.48712340725083
2025,CENTRO DE SAUDE BAIRRO DAS INDUSTRIAS - CENTRO DE SAUDE DR. JOSE DOMINGOS,13836,182,131.5409077768141,131.41979258549918
2025,CENTRO DE SAUDE BARREIRO - CARLOS RENATO DIAS,19294,179,92.77495594485333,85.33141306934846
2025,CENTRO DE SAUDE BARREIRO DE CIMA,17070,235,137.66842413591095,150.2459446282114
2025,CENTRO DE SAUDE BETANIA,10839,84,77.49792416274565,83.28103348673676
2025,CENTRO DE SAUDE BOA VISTA,10081,160,158.7144132526535,156.05353641506005
2025,CENTRO DE SAUDE BOM JESUS,9944,150,150.8447304907482,139.22690222835197
2025,CENTRO DE SAUDE BONSUCESSO,12486,261,209.03411821239789,269.0481682047478
2025,CENTRO DE SAUDE CABANA,16580,211,127.2617611580217,130.1914487893835
2025,CENTRO DE SAUDE CACHOEIRINHA,13773,148,107.45661802076526,94.20098012412981
2025,CENTRO DE SAUDE CAFEZAL,9511,121,127.22111239617286,173.91903813386455
2025,CENTRO DE SAUDE CALIFORNIA,15827,136,85.92910848549946,89.52714631273332
2025,CENTRO DE SAUDE CAMARGOS,13238,78,58.92128720350506,76.0101004895161
2025,CENTRO DE SAUDE CAMPO ALEGRE,18047,208,115.25461295506177,115.89017222833976
2025,CENTRO DE SAUDE CAPITAO EDUARDO,4549,80,175.86282699494396,223.82764488322343
2025,CENTRO DE SAUDE CARLOS CHAGAS,22988,439,190.96920132242911,207.11446754423864
2025,CENTRO DE SAUDE CARLOS PRATES,28247,241,85.31879491627429,69.76692678129403
2025,CENTRO DE SAUDE CEU AZUL,18181,246,135.30608877399482,141.0329113796546
2025,CENTRO DE SAUDE CICERO IDELFONSO,10507,235,223.6604168649472,247.5812157724289
2025,CENTRO DE SAUDE CIDADE OZANAN,24513,151,61.5999673642557,51.27072856807596
2025,CENTRO DE SAUDE CONFISCO,11498,107,93.0596625500087,102.16183631027529
2025,CENTRO DE SAUDE CONJUNTO BETANIA,8413,77,91.5250208011411,86.25022503944837
2025,CENTRO DE SAUDE CONJUNTO PAULO VI,8636,91,105.37285780453914,158.0861328385928
2025,CENTRO DE SAUDE CONJUNTO RIBEIRO DE ABREU - EFIGENIA MURTA FIGUEIREDO,7742,102,131.74890209248255,136.3611126758472
2025,CENTRO DE SAUDE CONJUNTO SANTA MARIA,17490,37,21.15494568324757,19.088611889439793
2025,CENTRO DE SAUDE COPACABANA,14176,197,138.96726862302484,165.22484473514677
2025,CENTRO DE SAUDE COQUEIROS,15630,193,123.48048624440179,117.89800248485197
2025,CENTRO DE SAUDE DIAMANTE - TEIXEIRA DIAS,14608,172,117.74370208105148,122.05492865359868
2025,CENTRO DE SAUDE DOM BOSCO,12206,164,134.36015074553498,118.75513749035457
2025,CENTRO DE SAUDE DOM CABRAL,12520,97,77.47603833865814,75.91147267895843
2025,CENTRO DE SAUDE DOM JOAQUIM,6987,61,87.30499499069701,91.2786182736859
2025,CENTRO DE SAUDE DOM ORIONE,15914,121,76.03368103556616,71.4395637173252
2025,CENTRO DE SAUDE ERMELINDA,17365,190,109.41549093003168,109.5918556339625
2025,CENTRO DE SAUDE ETELVINA CARNEIRO,15056,227,150.77045696068012,190.8523607029876
2025,CENTRO DE SAUDE FELICIDADE II,7474,99,132.45919186513245,149.61685340784607
2025,CENTRO DE SAUDE FLORAMAR,8042,117,145.48619746331758,144.552371329958
2025,CENTRO DE SAUDE GENTIL GOMES,12821,152,118.55549489119413,107.6714409398104
2025,CENTRO DE SAUDE GLORIA,9529,101,105.99223423234338,98.78635872497223
2025,CENTRO DE SAUDE GOIANIA,18681,266,142.39066431133236,159.04937899795095
2025,CENTRO DE SAUDE GRANJA DE FREITAS,6941,115,165.6821783604668,227.5618843004474
2025,CENTRO DE SAUDE GUARANI,8192,121,147.705078125,138.88150760179283
2025,CENTRO DE SAUDE HAVAI,30092,138,45.85936461518012,52.84249882522273
2025,CENTRO DE SAUDE HELIOPOLIS,16276,173,106.2914721061686,121.90211438192149
2025,CENTRO DE SAUDE HORTO,37854,236,62.34479843609658,53.14419487705864
2025,CENTRO DE SAUDE INDEPENDENCIA,15447,242,156.66472454198225,180.14704428877877
2025,CENTRO DE SAUDE ITAIPU - JATOBA,14588,146,100.0822593912805,119.41486005451856
2025,CENTRO DE SAUDE ITAMARATI,15499,69,44.51900122588554,45.38795523658018
2025,CENTRO DE SAUDE JAQUELINE,7616,90,118.17226890756302,145.60073517866707
2025,CENTRO DE SAUDE JAQUELINE II,9543,127,133.0818400922142,152.86287623115285
2025,CENTRO DE SAUDE JARDIM ALVORADA,10739,148,137.81543905391564,146.71614748567134
2025,CENTRO DE SAUDE JARDIM DOS COMERCIARIOS,10982,240,218.539428155163,243.39138328154223
2025,CENTRO DE SAUDE JARDIM EUROPA,13444,209,155.4596846176733,152.93145974389918
2025,CENTRO DE SAUDE JARDIM FELICIDADE,9889,140,141.57144301749418,159.1079725029795
2025,CENTRO DE SAUDE JARDIM FILADELFIA,9852,136,138.04303694681283,136.24278782094348
2025,CENTRO DE SAUDE JARDIM GUANABARA,15137,171,112.96822355816872,121.24034106258888
2025,CENTRO DE SAUDE JARDIM LEBLON,13482,226,167.63091529446672,206.06734339915278
2025,CENTRO DE SAUDE JARDIM MONTANHES,24441,137,56.0533529724643,50.04076026337831
2025,CENTRO DE SAUDE JARDIM VITÓRIA - MARCELO PONTEL GOMES,12263,92,75.0224251814401,118.98327073455229
2025,CENTRO DE SAUDE JOAO PINHEIRO,10987,88,80.09465732228998,72.820296927464
2025,CENTRO DE SAUDE JOAO VITAL,6467,58,89.68609865470852,129.3404329171251
2025,CENTRO DE SAUDE JOAO XXIII,3480,15,43.10344827586207,45.713591385628916
2025,CENTRO DE SAUDE LAGOA,12737,171,134.25453403470206,144.58125845088568
2025,CENTRO DE SAUDE LAJEDO,14297,190,132.8950129397776,156.65620192291004
2025,CENTRO DE SAUDE LINDEIA - MARIA MADALENA TEODORO,11083,189,170.53144455472346,167.7147032580726
2025,CENTRO DE SAUDE LISANDRA ANGELICA DAVID JUSTINO - TUNEL DE IBIRITE,9052,85,93.90190013256739,97.2103171961886
2025,CENTRO DE SAUDE MANGUEIRAS,14150,168,118.7279151943463,183.74069804327064
2025,CENTRO DE SAUDE MANTIQUEIRA,15039,279,185.5176540993417,193.22726776956273
2025,CENTRO DE SAUDE MARIA GORETTI,14439,219,151.67255350093498,154.02517469983445
2025,CENTRO DE SAUDE MARIANO DE ABREU,13635,114,83.60836083608362,86.49254865973825
2025,CENTRO DE SAUDE MENINO JESUS,47301,121,25.58085452738843,23.785331239783144
2025,CENTRO DE SAUDE MG-20,7595,124,163.265306122449,193.47119083510157
2025,CENTRO DE SAUDE MILIONARIOS,16929,232,137.0429440604879,142.77726196858305
2025,CENTRO DE SAUDE MINAS CAIXA,15826,239,151.0173132819411,161.38430982031468
2025,CENTRO DE SAUDE MIRAMAR - EDUARDO MAURO DE ARAUJO,17545,247,140.7808492447991,142.92034405286321
2025,CENTRO DE SAUDE NAZARE,14132,239,169.11972827625246,206.94578715998404
2025,CENTRO DE SAUDE NORALDINO DE LIMA,35941,197,54.812053087003704,50.54746222729613
2025,CENTRO DE SAUDE NOSSA SENHORA APARECIDA,21952,183,83.3637026239067,82.03110737573382
2025,CENTRO DE SAUDE NOSSA SENHORA DE FATIMA,36036,159,44.12254412254412,38.30367833349778
2025,CENTRO DE SAUDE NOVA YORK,11182,214,191.3790019674477,206.2742036764627
2025,CENTRO DE SAUDE NOVO AARAO REIS,7517,157,208.85991752028735,276.3753334337437
2025,CENTRO DE SAUDE NOVO HORIZONTE,9531,178,186.75899695729723,235.47237636193051
2025,CENTRO DE SAUDE OLAVO ALBINO CORREA,12415,182,146.59685863874347,183.61743090869174
2025,CENTRO DE SAUDE OSWALDO CRUZ,23423,148,63.18575758869487,57.75502622404342
2025,CENTRO DE SAUDE OURO PRETO,23673,88,37.173150846956446,48.36672871634365
2025,CENTRO DE SAUDE PADRE EUSTAQUIO,21329,158,74.07754700173473,65.29512582779368
2025,CENTRO DE SAUDE PADRE JOAQUIM MAIA,18304,85,46.43793706293706,46.230592474685295
2025,CENTRO DE SAUDE PADRE TARCISIO,14401,126,87.49392403305326,84.23491004269233
2025,CENTRO DE SAUDE PADRE TIAGO,13920,142,102.01149425287358,118.12873580566183
2025,CENTRO DE SAUDE PALMEIRAS,25271,142,56.19089074433144,79.5017352622438
2025,CENTRO DE SAUDE PARAISO,24571,231,94.01326767327338,86.75642203080558
2025,CENTRO DE SAUDE PARAUNA - VENDA NOVA,18710,228,121.85996793158739,125.53236242349402
2025,CENTRO DE SAUDE PAULO VI - MARIVANDA BALEEIRO,17305,200,115.57353366079168,144.3576337951977
2025,CENTRO DE SAUDE PEDREIRA PRADO LOPES,8846,122,137.9154420076871,145.41805009326043
2025,CENTRO DE SAUDE PILAR - OLHOS DAGUA,8350,74,88.62275449101797,118.80481080504381
2025,CENTRO DE SAUDE PINDORAMA ELZA MARTINS,13030,184,141.21258633921718,137.81500037690367
2025,CENTRO DE SAUDE PIRATININGA,15521,285,183.62218929192704,212.39858977771797
2025,CENTRO DE SAUDE POMPEIA,16243,186,114.51086621929447,102.08964489642126
2025,CENTRO DE SAUDE PRIMEIRO DE MAIO,7071,176,248.9039739782209,256.85328316584884
2025,CENTRO DE SAUDE PROVIDENCIA,12255,100,81.59934720522236,82.80106066394661
2025,CENTRO DE SAUDE REGINA,11124,119,106.97590794678173,111.71041373845483
2025,CENTRO DE SAUDE RIBEIRO DE ABREU,8747,144,164.62787241339888,194.91239285682073
2025,CENTRO DE SAUDE RIO BRANCO,20118,311,154.58793120588527,159.37784075210976
2025,CENTRO DE SAUDE SAGRADA FAMILIA - MARCO ANTONIO DE MENEZES,30088,194,64.4775325711247,55.52371509956416
2025,CENTRO DE SAUDE SALGADO FILHO,20432,213,104.24823805794831,103.0884730887382
2025,CENTRO DE SAUDE SANTA AMELIA,41745,232,55.57551802611091,54.86301386997495
2025,CENTRO DE SAUDE SANTA CECILIA,11658,75,64.33350488934637,74.58817089609758
2025,CENTRO DE SAUDE SANTA CRUZ - PADRE FERNANDO DE MELLO,17030,109,64.00469759248385,64.3425507917748
2025,CENTRO DE SAUDE SANTA INES,14955,116,77.56603142761618,62.85623319179874
2025,CENTRO DE SAUDE SANTA LUCIA,10190,151,148.18449460255152,161.01031322922418
2025,CENTRO DE SAUDE SANTA MARIA,9283,79,85.10179898739631,96.79121880528609
2025,CENTRO DE SAUDE SANTA MONICA,14545,140,96.25300790649707,99.04369903107698
2025,CENTRO DE SAUDE SANTA MONICA II - ALAMEDA DOS IPES,10093,104,103.0417120776776,110.8946984737064
2025,CENTRO DE SAUDE SANTA RITA DE CASSIA,38742,154,39.750141964792725,37.49466981204313
2025,CENTRO DE SAUDE SANTA ROSA,21159,113,53.40517037667187,53.1245431022524
2025,CENTRO DE SAUDE SANTA TEREZINHA,22837,201,88.01506327451067,93.5586052626556
2025,CENTRO DE SAUDE SANTO ANTONIO,11395,202,177.270732777534,176.04505799348846
2025,CENTRO DE SAUDE SANTOS ANJOS,14738,161,109.24141674582711,94.86747222172427
2025,CENTRO DE SAUDE SAO BERNARDO - AMELIA ROCHA DE MELO,5674,101,178.00493479027142,187.54954336854786
2025,CENTRO DE SAUDE SAO CRISTOVAO,7459,306,410.24265987397774,406.58544069674036
2025,CENTRO DE SAUDE SAO FRANCISCO,3338,47,140.8028759736369,157.50000645241258
2025,CENTRO DE SAUDE SAO GABRIEL - FABIO CORREA LIMA,13981,166,118.73256562477648,121.12873105631046
2025,CENTRO DE SAUDE SAO GERALDO,9626,182,189.07126532308334,174.35684487192216
2025,CENTRO DE SAUDE SAO JORGE,42021,130,30.936912496132887,27.8568772893349
2025,CENTRO DE SAUDE SAO JOSE,8079,106,131.20435697487312,131.41855696109175
2025,CENTRO DE SAUDE SAO JOSE OPERARIO,8324,141,169.3897164824604,152.8656076875005
2025,CENTRO DE SAUDE SAO MARCOS,10419,111,106.53613590555715,116.85230712682747
2025,CENTRO DE SAUDE SAO MIGUEL ARCANJO,9788,206,210.46178994687372,279.5318561393785
2025,CENTRO DE SAUDE SAO PAULO,11885,211,177.5347076146403,177.51558078090744
2025,CENTRO DE SAUDE SAO TOMAZ,9870,111,112.46200607902736,105.91013517661322
2025,CENTRO DE SAUDE SERRA VERDE,13936,208,149.2537313432836,161.38507340156426
2025,CENTRO DE SAUDE SERRANO,26330,146,55.45005696923661,51.864965737685814
2025,CENTRO DE SAUDE TAQUARIL,14496,185,127.621412803532,151.33707216858497
2025,CENTRO DE SAUDE TIA AMANCIA,17571,47,26.748619885037847,21.870967382012314
2025,CENTRO DE SAUDE TIROL - FRANCISCO GOMES BARBOSA,14428,129,89.40948156362629,87.47272793336296
2025,CENTRO DE SAUDE TREVO,14479,153,105.67028109676083,124.63499944015594
2025,CENTRO DE SAUDE TUPI,8433,46,54.54761057749318,56.7980910799965
2025,CENTRO DE SAUDE URUCUIA,17046,226,132.58242402909772,160.29554870537362
2025,CENTRO DE SAUDE VALE DO JATOBA,15412,126,81.75447703088503,88.29616531107331
2025,CENTRO DE SAUDE VENTOSA,22105,230,104.04885772449673,109.72608655468149
2025,CENTRO DE SAUDE VERA CRUZ,13712,205,149.50408401400233,144.725750089658
2025,CENTRO DE SAUDE VILA CEMIG,7713,148,191.8838324906003,248.81020547606906
2025,CENTRO DE SAUDE VILA IMPERIAL,7567,96,126.86665785648209,131.5600076091784
2025,CENTRO DE SAUDE VILA LEONINA,23767,150,63.112719316699625,74.83254470101441
2025,CENTRO DE SAUDE VILA MARIA,12287,136,110.68609099047774,134.8775798725922
2025,CENTRO DE SAUDE VILA PINHO,16371,93,56.80776983690672,71.07890176731316
2025,CENTRO DE SAUDE VILAS REUNIDAS - LEOPOLDO CRISOSTOMO DE CASTRO,27284,160,58.64242779651077,49.69998096165921
2025,CENTRO DE SAUDE VISTA ALEGRE,11734,163,138.91256178626213,144.1079338922262
2025,CENTRO DE SAUDE WALDOMIRO LOBO,5897,86,145.83686620315413,167.20275422482277
2025,CENTRO DE SAUDE ZILAH SPOSITO,11377,83,72.9542058539158,119.38464702187855
2026,CENTRO DE SAUDE AARAO REIS,11650,32,27.467811158798284,29.142262151048968
2026,CENTRO DE SAUDE ALCIDES LINS,16809,46,27.36629186745196,25.64135725976265
2026,CENTRO DE SAUDE ALTO VERA CRUZ,11675,37,31.691648822269805,37.7951550910436
2026,CENTRO DE SAUDE AMILCAR VIANA MARTINS,12697,27,21.26486571631094,21.98961831691754
2026,CENTRO DE SAUDE ANDRADAS,18073,67,37.07187517290987,39.72257023404618
2026,CENTRO DE SAUDE BAIRRO DAS INDUSTRIAS - CENTRO DE SAUDE DR. JOSE DOMINGOS,13836,35,25.2963284186181,24.836882499740973
2026,CENTRO DE SAUDE BARREIRO - CARLOS RENATO DIAS,19294,42,21.768425417228155,20.414807101129757
2026,CENTRO DE SAUDE BARREIRO DE CIMA,17070,37,21.675454012888107,22.977880937768724
2026,CENTRO DE SAUDE BETANIA,10839,24,22.142264046498752,24.396506131019652
2026,CENTRO DE SAUDE BOA VISTA,10081,38,37.694673147505206,37.016447769958
2026,CENTRO DE SAUDE BOM JESUS,9944,32,32.180209171359614,27.728468556511928
2026,CENTRO DE SAUDE BONSUCESSO,12486,41,32.836777190453304,42.33784855307372
2026,CENTRO DE SAUDE CABANA,16580,61,36.791314837153195,37.60180510195271
2026,CENTRO DE SAUDE CACHOEIRINHA,13773,41,29.76838742467146,24.085972376047135
2026,CENTRO DE SAUDE CAFEZAL,9511,38,39.95373777731048,54.33571518599324
2026,CENTRO DE SAUDE CALIFORNIA,15827,42,26.536930561698366,27.522187222602856
2026,CENTRO DE SAUDE CAMARGOS,13238,12,9.064813415923856,11.418719249423402
2026,CENTRO DE SAUDE CAMPO ALEGRE,18047,32,17.73147891616335,17.79124226125264
2026,CENTRO DE SAUDE CAPITAO EDUARDO,4549,17,37.37085073642559,48.86666144852943
2026,CENTRO DE SAUDE CARLOS CHAGAS,22988,89,38.71585174873847,37.59694742606516
2026,CENTRO DE SAUDE CARLOS PRATES,28247,92,32.569830424469856,27.48950522736696
2026,CENTRO DE SAUDE CEU AZUL,18181,53,29.151311809031405,30.605861715596575
2026,CENTRO DE SAUDE CICERO IDELFONSO,10507,45,42.828590463500525,49.157843495519955
2026,CENTRO DE SAUDE CIDADE OZANAN,24513,53,21.621180598050014,19.753675047193447
2026,CENTRO DE SAUDE CONFISCO,11498,21,18.264045921029744,19.679110362159136
2026,CENTRO DE SAUDE CONJUNTO BETANIA,8413,11,13.075002971591585,11.46838880751588
2026,CENTRO DE SAUDE CONJUNTO PAULO VI,8636,19,22.000926354793886,37.401453275087675
2026,CENTRO DE SAUDE CONJUNTO RIBEIRO DE ABREU - EFIGENIA MURTA FIGUEIREDO,7742,24,30.99974166881943,33.86441803492061
2026,CENTRO DE SAUDE CONJUNTO SANTA MARIA,17490,9,5.145797598627787,5.111709254496186
2026,CENTRO DE SAUDE COPACABANA,14176,45,31.743792325056432,38.06811454393438
2026,CENTRO DE SAUDE COQUEIROS,15630,39,24.952015355086374,24.090818224733468
2026,CENTRO DE SAUDE DIAMANTE - TEIXEIRA DIAS,14608,32,21.90580503833516,22.547469386680987
2026,CENTRO DE SAUDE DOM BOSCO,12206,34,27.855153203342617,25.374595176595417
2026,CENTRO DE SAUDE DOM CABRAL,12520,24,19.16932907348243,17.71374059727432
2026,CENTRO DE SAUDE DOM JOAQUIM,6987,12,17.174753112924,18.062813064841173
2026,CENTRO DE SAUDE DOM ORIONE,15914,28,17.59457081814754,15.463475585686407
2026,CENTRO DE SAUDE ERMELINDA,17365,50,28.793550244745177,29.35431294252324
2026,CENTRO DE SAUDE ETELVINA CARNEIRO,15056,51,33.87353878852285,46.876141759191896
2026,CENTRO DE SAUDE FELICIDADE II,7474,21,28.0974043350281,33.88096234739713
2026,CENTRO DE SAUDE FLORAMAR,8042,26,32.33026610295946,32.025965510507675
2026,CENTRO DE SAUDE GENTIL GOMES,12821,33,25.73902191716715,23.81032634371919
2026,CENTRO DE SAUDE GLORIA,9529,32,33.58169797460384,29.769194341562926
2026,CENTRO DE SAUDE GOIANIA,18681,59,31.58289170815267,33.566346745212876
2026,CENTRO DE SAUDE GRANJA DE FREITAS,6941,36,51.8657253997983,67.6283890970794
2026,CENTRO DE SAUDE GUARANI,8192,20,24.4140625,22.845189917111735
2026,CENTRO DE SAUDE HAVAI,30092,25,8.307855908547122,10.004823302672783
2026,CENTRO DE SAUDE HELIOPOLIS,16276,49,30.1056770705333,36.63899579296846
2026,CENTRO DE SAUDE HORTO,37854,72,19.020446980504044,16.710458813965396
2026,CENTRO DE SAUDE INDEPENDENCIA,15447,55,35.60561921408688,41.74226541504069
2026,CENTRO DE SAUDE ITAIPU - JATOBA,14588,31,21.250342747463666,23.864971276922617
2026,CENTRO DE SAUDE ITAMARATI,15499,16,10.323246661074908,10.849331448476397
2026,CENTRO DE SAUDE JAQUELINE,7616,24,31.51260504201681,41.57620895107686
2026,CENTRO DE SAUDE JAQUELINE II,9543,33,34.580320653882424,37.244269170802816
2026,CENTRO DE SAUDE JARDIM ALVORADA,10739,48,44.69689915262129,47.99522251660258
2026,CENTRO DE SAUDE JARDIM DOS COMERCIARIOS,10982,67,61.00892369331634,66.49121378882198
2026,CENTRO DE SAUDE JARDIM EUROPA,13444,43,31.984528414162455,31.199547114912818
2026,CENTRO DE SAUDE JARDIM FELICIDADE,9889,37,37.41530994033775,41.318777789435806
2026,CENTRO DE SAUDE JARDIM FILADELFIA,9852,35,35.52578156719448,34.57310948306769
2026,CENTRO DE SAUDE JARDIM GUANABARA,15137,35,23.12215102067781,24.532770196752296
2026,CENTRO DE SAUDE JARDIM LEBLON,13482,34,25.218810265539236,31.37731518007741
2026,CENTRO DE SAUDE JARDIM MONTANHES,24441,30,12.274456855284155,10.975687269924148
2026,CENTRO DE SAUDE JARDIM VITÓRIA - MARCELO PONTEL GOMES,12263,25,20.386528581913073,35.29838712763533
2026,CENTRO DE SAUDE JOAO PINHEIRO,10987,30,27.304996814417038,24.732879094625464
2026,CENTRO DE SAUDE JOAO VITAL,6467,9,13.916808411937529,19.86781509730291
2026,CENTRO DE SAUDE JOAO XXIII,3480,8,22.988505747126435,25.7558640137058
2026,CENTRO DE SAUDE LAGOA,12737,38,29.834340896600455,33.153586045048755
2026,CENTRO DE SAUDE LAJEDO,14297,48,33.57347695320696,37.80929179476439
2026,CENTRO DE SAUDE LINDEIA - MARIA MADALENA TEODORO,11083,37,33.384462690607236,32.75913921988327
2026,CENTRO DE SAUDE LISANDRA ANGELICA DAVID JUSTINO - TUNEL DE IBIRITE,9052,14,15.466195315952277,15.33765423098337
2026,CENTRO DE SAUDE MANGUEIRAS,14150,52,36.74911660777385,50.183741140543766
2026,CENTRO DE SAUDE MANTIQUEIRA,15039,64,42.55602101203537,45.13104947044088
2026,CENTRO DE SAUDE MARIA GORETTI,14439,46,31.858161922570815,31.765027382378648
2026,CENTRO DE SAUDE MARIANO DE ABREU,13635,40,29.336266960029334,30.976669847780396
2026,CENTRO DE SAUDE MENINO JESUS,47301,16,3.3825923342001225,2.863356616345328
2026,CENTRO DE SAUDE MG-20,7595,27,35.54970375246873,40.4474412067941
2026,CENTRO DE SAUDE MILIONARIOS,16929,51,30.125819599503814,31.87200096862109
2026,CENTRO DE SAUDE MINAS CAIXA,15826,53,33.4891949955769,36.073630137566695
2026,CENTRO DE SAUDE MIRAMAR - EDUARDO MAURO DE ARAUJO,17545,56,31.917925334853233,32.43857213679017
2026,CENTRO DE SAUDE NAZARE,14132,51,36.088310217945086,43.07675668827919
2026,CENTRO DE SAUDE NORALDINO DE LIMA,35941,54,15.02462368882335,13.855783312869354
2026,CENTRO DE SAUDE NOSSA SENHORA APARECIDA,21952,30,13.666180758017491,13.693930382682861
2026,CENTRO DE SAUDE NOSSA SENHORA DE FATIMA,36036,51,14.152514152514152,13.296474820246926
2026,CENTRO DE SAUDE NOVA YORK,11182,38,33.983187265247714,37.697956650109255
2026,CENTRO DE SAUDE NOVO AARAO REIS,7517,30,39.90953837967274,55.88651205595591
2026,CENTRO DE SAUDE NOVO HORIZONTE,9531,41,43.017521771062846,64.20266848644208
2026,CENTRO DE SAUDE OLAVO ALBINO CORREA,12415,45,36.24647603705195,45.82776636247811
2026,CENTRO DE SAUDE OSWALDO CRUZ,23423,35,14.9425778081373,14.216921171345115
2026,CENTRO DE SAUDE OURO PRETO,23673,21,8.870865543023697,10.946883709715216
2026,CENTRO DE SAUDE PADRE EUSTAQUIO,21329,42,19.691499835904168,16.81218088906893
2026,CENTRO DE SAUDE PADRE JOAQUIM MAIA,18304,29,15.843531468531468,15.979193229675266
2026,CENTRO DE SAUDE PADRE TARCISIO,14401,27,18.74869800708284,18.012114034914347
2026,CENTRO DE SAUDE PADRE TIAGO,13920,35,25.14367816091954,29.66620824236101
2026,CENTRO DE SAUDE PALMEIRAS,25271,26,10.288472953187448,14.183858551238218
2026,CENTRO DE SAUDE PARAISO,24571,39,15.872369866916282,14.243754730109817
2026,CENTRO DE SAUDE PARAUNA - VENDA NOVA,18710,44,23.516835916622124,24.064560022452714
2026,CENTRO DE SAUDE PAULO VI - MARIVANDA BALEEIRO,17305,46,26.581912741982087,34.73729307491349
2026,CENTRO DE SAUDE PEDREIRA PRADO LOPES,8846,22,24.869997739091115,25.96034506996912
2026,CENTRO DE SAUDE PILAR - OLHOS DAGUA,8350,6,7.18562874251497,9.302801874518893
2026,CENTRO DE SAUDE PINDORAMA ELZA MARTINS,13030,52,39.90790483499617,38.93812115474918
2026,CENTRO DE SAUDE PIRATININGA,15521,63,40.59016815926809,47.56327387813283
2026,CENTRO DE SAUDE POMPEIA,16243,42,25.85729237209875,23.289661378569345
2026,CENTRO DE SAUDE PRIMEIRO DE MAIO,7071,29,41.012586621411394,42.034410032947086
2026,CENTRO DE SAUDE PROVIDENCIA,12255,27,22.031823745410037,22.717749152915253
2026,CENTRO DE SAUDE REGINA,11124,33,29.665587918015103,31.413810843248218
2026,CENTRO DE SAUDE RIBEIRO DE ABREU,8747,36,41.15696810334972,52.33852951624065
2026,CENTRO DE SAUDE RIO BRANCO,20118,59,29.326970871856048,30.743225983204017
2026,CENTRO DE SAUDE SAGRADA FAMILIA - MARCO ANTONIO DE MENEZES,30088,45,14.95612868917841,12.909053509325425
2026,CENTRO DE SAUDE SALGADO FILHO,20432,46,22.513703993735316,22.060482477543943
2026,CENTRO DE SAUDE SANTA AMELIA,41745,60,14.37297879985627,14.12528657364077
2026,CENTRO DE SAUDE SANTA CECILIA,11658,13,11.151140847486705,14.042104514137645
2026,CENTRO DE SAUDE SANTA CRUZ - PADRE FERNANDO DE MELLO,17030,24,14.092777451556078,13.875817829874418
2026,CENTRO DE SAUDE SANTA INES,14955,16,10.698762955533265,9.339157369062194
2026,CENTRO DE SAUDE SANTA LUCIA,10190,38,37.29146221786065,39.3670267052947
2026,CENTRO DE SAUDE SANTA MARIA,9283,9,9.695141656791986,10.976913696992028
2026,CENTRO DE SAUDE SANTA MONICA,14545,35,24.06325197662427,24.57802851146697
2026,CENTRO DE SAUDE SANTA MONICA II - ALAMEDA DOS IPES,10093,31,30.714356484692363,32.83857767263731
2026,CENTRO DE SAUDE SANTA RITA DE CASSIA,38742,44,11.357183418512209,10.772411500079084
2026,CENTRO DE SAUDE SANTA ROSA,21159,25,11.815303180679615,11.749705784673287
2026,CENTRO DE SAUDE SANTA TEREZINHA,22837,46,20.142750799141744,21.6231015474301
2026,CENTRO DE SAUDE SANTO ANTONIO,11395,61,53.53225098727512,52.00282174900863
2026,CENTRO DE SAUDE SANTOS ANJOS,14738,45,30.533315239516895,25.732651768225296
2026,CENTRO DE SAUDE SAO BERNARDO - AMELIA ROCHA DE MELO,5674,32,56.39760310186817,56.16402541734832
2026,CENTRO DE SAUDE SAO CRISTOVAO,7459,68,91.1650355275506,85.21414865799288
2026,CENTRO DE SAUDE SAO FRANCISCO,3338,21,62.91192330736968,69.77477357983754
2026,CENTRO DE SAUDE SAO GABRIEL - FABIO CORREA LIMA,13981,38,27.179743938201845,27.410925275242754
2026,CENTRO DE SAUDE SAO GERALDO,9626,40,41.5541242468315,37.204324852788744
2026,CENTRO DE SAUDE SAO JORGE,42021,31,7.3772637490778425,6.5529925749676075
2026,CENTRO DE SAUDE SAO JOSE,8079,18,22.279985146676566,22.39112476762826
2026,CENTRO DE SAUDE SAO JOSE OPERARIO,8324,30,36.040365209034114,32.33132262244803
2026,CENTRO DE SAUDE SAO MARCOS,10419,32,30.71312026106152,34.280947730422405
2026,CENTRO DE SAUDE SAO MIGUEL ARCANJO,9788,54,55.16959542296689,84.45763480419038
2026,CENTRO DE SAUDE SAO PAULO,11885,38,31.97307530500631,31.74695941573934
2026,CENTRO DE SAUDE SAO TOMAZ,9870,47,47.61904761904762,44.540596213305896
2026,CENTRO DE SAUDE SERRA VERDE,13936,47,33.7256027554535,35.48320655565275
2026,CENTRO DE SAUDE SERRANO,26330,38,14.432206608431448,13.321472730866514
2026,CENTRO DE SAUDE TAQUARIL,14496,49,33.80242825607064,41.33710267564989
2026,CENTRO DE SAUDE TIA AMANCIA,17571,14,7.967674008309146,6.167419937581663
2026,CENTRO DE SAUDE TIROL - FRANCISCO GOMES BARBOSA,14428,36,24.9514832270585,24.662322734610285
2026,CENTRO DE SAUDE TREVO,14479,49,33.84211616824366,41.16848857838545
2026,CENTRO DE SAUDE TUPI,8433,7,8.300723348748962,8.220462446084735
2026,CENTRO DE SAUDE URUCUIA,17046,39,22.87926786342837,25.812587864936162
2026,CENTRO DE SAUDE VALE DO JATOBA,15412,22,14.274591227614847,15.627967383915378
2026,CENTRO DE SAUDE VENTOSA,22105,52,23.52408957249491,24.81139016948497
2026,CENTRO DE SAUDE VERA CRUZ,13712,48,35.00583430571762,33.74071385576106
2026,CENTRO DE SAUDE VILA CEMIG,7713,31,40.1918838324906,52.43239031141536
2026,CENTRO DE SAUDE VILA IMPERIAL,7567,27,35.68124752213559,37.196875630475155
2026,CENTRO DE SAUDE VILA LEONINA,23767,43,18.092312870787225,21.479715775608454
2026,CENTRO DE SAUDE VILA MARIA,12287,24,19.532839586554896,24.651432083187423
2026,CENTRO DE SAUDE VILA PINHO,16371,28,17.103414574552563,21.26886030270404
2026,CENTRO DE SAUDE VILAS REUNIDAS - LEOPOLDO CRISOSTOMO DE CASTRO,27284,50,18.325758686409618,15.791598736923323
2026,CENTRO DE SAUDE VISTA ALEGRE,11734,51,43.46343957729674,46.210304625446334
2026,CENTRO DE SAUDE WALDOMIRO LOBO,5897,27,45.78599287773444,51.16739466009553
2026,CENTRO DE SAUDE ZILAH SPOSITO,11377,18,15.821394040608245,33.08121112189263
